timestamp,temp,hum
2026-04-02 16:46:56,24.8,49.0
2026-04-02 16:46:58,24.8,49.0
2026-04-02 16:47:00,24.8,49.0
2026-04-02 16:47:02,24.8,49.0
2026-04-02 16:47:04,24.8,49.0
2026-04-02 16:47:06,24.8,49.0
2026-04-02 16:47:08,24.8,49.0
2026-04-02 16:47:10,24.8,49.0
2026-04-02 16:47:12,24.8,50.0
2026-04-02 16:47:14,24.8,50.0
2026-04-02 16:47:16,24.8,50.0
2026-04-02 16:47:18,24.8,50.0
2026-04-02 16:47:20,24.8,50.0
2026-04-02 16:50:17,24.6,47.0
2026-04-02 16:50:19,24.5,47.0
2026-04-02 16:50:21,24.5,47.0
2026-04-02 16:50:23,24.5,47.0
2026-04-02 16:50:25,24.5,47.0
2026-04-02 16:50:27,24.5,47.0
2026-04-02 16:57:22,24.1,44.0
2026-04-02 16:57:24,24.1,44.0
2026-04-02 16:57:26,24.1,44.0
2026-04-02 16:57:28,24.1,44.0
2026-04-02 16:57:30,24.1,44.0
2026-04-02 16:57:32,24.1,44.0
2026-04-02 16:57:34,24.1,44.0
2026-04-02 16:57:36,24.1,44.0
2026-04-02 16:57:39,24.1,44.0
2026-04-02 16:57:41,24.1,44.0
2026-04-02 16:57:43,24.1,44.0
2026-04-02 16:57:45,24.1,44.0
2026-04-02 16:57:47,24.1,44.0
2026-04-02 16:57:49,24.1,44.0
2026-04-02 16:57:51,24.1,44.0
2026-04-02 16:57:53,24.1,44.0
2026-04-02 16:57:55,24.2,44.0
2026-04-02 16:57:57,24.2,44.0
2026-04-02 16:57:59,24.4,44.0
2026-04-02 16:58:01,24.4,44.0
2026-04-02 16:58:03,24.5,44.0
2026-04-02 16:58:05,24.5,44.0
2026-04-02 16:58:07,24.5,44.0
2026-04-02 16:58:09,24.5,44.0
2026-04-02 16:58:11,24.5,44.0
2026-04-02 16:58:13,24.5,44.0
2026-04-02 16:58:15,24.5,43.0
2026-04-02 16:58:17,24.4,43.0
2026-04-02 16:58:19,24.3,43.0
2026-04-02 16:58:21,24.3,43.0
2026-04-02 16:58:23,24.3,43.0
2026-04-02 16:58:25,24.3,43.0
2026-04-02 16:58:27,24.3,43.0
2026-04-02 16:58:29,24.3,43.0
2026-04-02 17:06:39,24.1,44.0
2026-04-02 17:06:41,24.1,45.0
2026-04-02 17:06:43,24.1,45.0
2026-04-02 17:06:45,24.1,45.0
2026-04-02 17:06:47,24.1,45.0
2026-04-02 17:06:49,24.1,46.0
2026-04-02 17:06:51,24.1,46.0
2026-04-02 17:06:53,24.1,46.0
2026-04-02 17:06:55,24.1,46.0
2026-04-02 17:06:57,24.1,46.0
2026-04-02 17:06:59,24.1,46.0
2026-04-02 17:07:01,24.1,46.0
2026-04-02 17:07:03,24.1,46.0
2026-04-02 17:07:05,24.1,46.0
2026-04-02 17:07:07,24.1,46.0
2026-04-02 17:07:09,24.1,46.0
2026-04-02 17:07:11,24.1,46.0
2026-04-02 17:07:13,24.1,46.0
2026-04-02 17:07:15,24.1,46.0
2026-04-02 17:07:17,24.1,46.0
2026-04-02 17:07:19,24.1,46.0
2026-04-02 17:07:21,24.1,45.0
2026-04-02 17:07:23,24.1,45.0
2026-04-02 17:07:25,24.1,45.0
2026-04-02 17:07:27,24.1,45.0
2026-04-02 17:07:29,24.1,45.0
2026-04-02 17:07:31,24.1,45.0
2026-04-02 17:07:33,24.1,44.0
2026-04-02 17:07:35,24.1,44.0
2026-04-02 17:07:37,24.1,44.0
2026-04-02 17:07:39,24.1,44.0
2026-04-02 17:07:41,24.1,44.0
2026-04-02 17:07:43,24.1,44.0
2026-04-02 17:07:45,24.1,44.0
2026-04-02 17:07:47,24.1,44.0
2026-04-02 17:07:49,24.1,44.0
2026-04-02 17:07:51,24.1,44.0
2026-04-02 17:07:53,24.1,44.0
2026-04-02 17:07:55,24.1,44.0
2026-04-02 17:07:58,24.1,44.0
2026-04-02 17:08:00,24.1,44.0
2026-04-02 17:08:02,24.1,44.0
2026-04-02 17:08:04,24.1,44.0
2026-04-02 17:08:06,24.1,44.0
2026-04-02 17:08:08,24.0,44.0
2026-04-02 17:08:10,24.0,44.0
2026-04-02 17:08:12,24.0,44.0
2026-04-02 17:08:14,23.9,44.0
2026-04-02 17:08:16,23.8,44.0
2026-04-02 17:08:18,23.8,44.0
2026-04-02 17:08:20,23.8,44.0
2026-04-02 17:08:22,23.8,44.0
2026-04-02 17:08:24,23.8,44.0
2026-04-02 17:08:26,23.8,44.0
2026-04-02 17:08:28,23.8,44.0
2026-04-02 17:08:30,23.8,44.0
2026-04-02 17:08:32,23.8,44.0
2026-04-02 17:08:34,23.8,44.0
2026-04-02 17:08:36,23.8,44.0
2026-04-02 17:08:38,23.8,44.0
2026-04-02 17:08:40,23.8,44.0
2026-04-02 17:08:42,23.8,44.0
2026-04-02 17:08:44,23.8,44.0
2026-04-02 17:08:46,23.8,44.0
2026-04-02 17:08:48,23.8,44.0
2026-04-02 17:08:50,23.8,44.0
2026-04-02 17:08:52,23.8,44.0
2026-04-02 17:08:54,23.8,44.0
2026-04-02 17:08:56,23.8,44.0
2026-04-02 17:08:58,23.8,44.0
2026-04-02 17:09:00,23.8,44.0
2026-04-02 17:09:02,23.8,44.0
2026-04-02 17:09:04,23.8,44.0
2026-04-02 17:09:06,23.8,44.0
2026-04-02 17:09:08,23.8,44.0
2026-04-02 17:09:10,23.8,44.0
2026-04-02 17:09:12,23.8,44.0
2026-04-02 17:09:15,23.8,44.0
2026-04-02 17:09:17,23.8,44.0
2026-04-02 17:09:19,23.8,44.0
2026-04-02 17:09:21,23.8,44.0
2026-04-02 17:09:23,23.8,44.0
2026-04-02 17:09:25,23.8,44.0
2026-04-02 17:09:27,23.8,44.0
2026-04-02 17:09:29,23.8,45.0
2026-04-02 17:09:31,23.9,45.0
2026-04-02 17:09:33,24.0,45.0
2026-04-02 17:09:35,24.1,45.0
2026-04-02 17:09:37,24.1,45.0
2026-04-02 17:09:39,24.1,45.0
2026-04-02 17:09:41,24.1,45.0
2026-04-02 17:09:43,24.1,45.0
2026-04-02 17:09:45,24.1,46.0
2026-04-02 17:09:47,24.1,46.0
2026-04-02 17:09:49,24.1,46.0
2026-04-02 17:09:51,24.1,46.0
2026-04-02 17:09:53,24.1,46.0
2026-04-02 17:09:55,24.1,46.0
2026-04-02 17:09:57,24.1,46.0
2026-04-02 17:09:59,24.1,47.0
2026-04-02 17:10:01,24.1,47.0
2026-04-02 17:10:03,24.1,47.0
2026-04-02 17:10:05,24.1,48.0
2026-04-02 17:10:07,24.1,48.0
2026-04-02 17:13:14,25.3,52.0
2026-04-02 17:13:16,25.3,52.0
2026-04-02 17:13:18,25.3,52.0
2026-04-02 17:13:20,25.3,52.0
2026-04-02 17:13:22,25.3,52.0
2026-04-02 17:13:24,25.3,52.0
2026-04-02 17:13:26,25.3,51.0
2026-04-02 17:13:29,25.3,51.0
2026-04-02 17:13:31,25.3,51.0
2026-04-02 17:13:33,25.3,50.0
2026-04-02 17:13:35,25.3,50.0
2026-04-02 17:13:37,25.3,50.0
2026-04-02 17:13:39,25.3,50.0
2026-04-02 17:13:41,25.3,49.0
2026-04-02 17:13:43,25.3,49.0
2026-04-02 17:13:45,25.3,49.0
2026-04-02 17:13:47,25.3,49.0
2026-04-02 17:13:49,25.3,49.0
2026-04-02 17:13:51,25.3,49.0
2026-04-02 17:13:53,25.3,49.0
2026-04-02 17:13:55,25.3,48.0
2026-04-02 17:13:57,25.0,48.0
2026-04-02 17:13:59,24.9,48.0
2026-04-02 17:14:01,24.8,48.0
2026-04-02 17:14:03,24.8,48.0
2026-04-02 17:14:05,24.8,48.0
2026-04-02 17:14:07,24.8,48.0
2026-04-02 17:14:09,24.8,48.0
2026-04-02 17:14:11,24.8,48.0
2026-04-02 17:14:13,24.8,48.0
2026-04-02 17:14:15,24.8,48.0
2026-04-02 17:14:17,24.8,48.0
2026-04-02 17:14:19,24.8,48.0
2026-04-02 17:14:21,24.8,48.0
2026-04-02 17:14:23,24.8,48.0
2026-04-02 17:14:25,24.8,48.0
2026-04-02 17:14:27,24.8,48.0
2026-04-02 17:14:29,24.8,48.0
2026-04-02 17:14:31,24.8,48.0
2026-04-02 17:14:33,24.8,48.0
2026-04-02 17:14:35,24.8,48.0
2026-04-02 17:14:37,24.8,48.0
2026-04-02 17:14:39,24.8,48.0
2026-04-02 17:14:41,24.8,48.0
2026-04-02 17:14:43,24.8,48.0
2026-04-02 17:14:45,24.8,48.0
2026-04-02 17:14:48,24.8,48.0
2026-04-02 17:14:50,24.8,48.0
2026-04-02 17:14:52,24.8,48.0
2026-04-02 17:14:54,24.8,48.0
2026-04-02 17:14:56,24.8,48.0
2026-04-02 17:14:58,24.8,48.0
2026-04-02 17:15:00,24.8,48.0
2026-04-02 17:15:02,24.8,48.0
2026-04-02 17:15:04,24.8,48.0
2026-04-02 17:15:06,24.8,48.0
2026-04-02 17:15:08,24.8,48.0
2026-04-02 17:15:10,24.8,49.0
2026-04-02 17:15:12,24.8,49.0
2026-04-02 17:15:14,24.8,49.0
2026-04-02 17:15:16,24.8,49.0
2026-04-02 17:15:18,24.8,49.0
2026-04-02 17:15:20,24.8,49.0
2026-04-02 17:15:22,24.8,49.0
2026-04-02 17:15:24,24.8,49.0
2026-04-02 17:15:26,24.8,49.0
2026-04-02 17:15:28,24.8,49.0
2026-04-02 17:15:30,24.8,49.0
2026-04-02 17:15:32,24.8,49.0
2026-04-02 17:15:34,24.8,49.0
2026-04-02 17:15:36,24.8,49.0
2026-04-02 17:15:38,24.8,49.0
2026-04-02 17:15:40,24.8,49.0
2026-04-02 17:15:42,24.8,49.0
2026-04-02 17:15:44,24.9,49.0
2026-04-02 17:15:46,24.9,49.0
2026-04-02 17:15:48,25.0,49.0
2026-04-02 17:15:50,25.1,49.0
2026-04-02 17:15:52,25.2,49.0
2026-04-02 17:15:54,25.3,49.0
2026-04-02 17:15:56,25.3,49.0
2026-04-02 17:15:58,25.3,49.0
2026-04-02 17:16:00,25.3,49.0
2026-04-02 17:16:02,25.3,49.0
2026-04-02 17:16:04,25.3,49.0
2026-04-02 17:16:07,25.3,49.0
2026-04-02 17:16:09,25.3,49.0
2026-04-02 17:16:11,25.3,49.0
2026-04-02 17:16:13,25.3,49.0
2026-04-02 17:16:15,25.3,49.0
2026-04-02 17:16:17,25.3,49.0
2026-04-02 17:16:19,25.3,49.0
2026-04-02 17:16:21,25.3,50.0
2026-04-02 17:16:23,25.3,50.0
2026-04-02 17:16:25,25.3,50.0
2026-04-02 17:16:27,25.3,50.0
2026-04-02 17:16:29,25.3,50.0
2026-04-02 17:16:31,25.3,50.0
2026-04-02 17:16:33,25.3,50.0
2026-04-02 17:16:35,25.3,50.0
2026-04-02 17:16:37,25.3,50.0
2026-04-02 17:16:39,25.3,50.0
2026-04-02 17:16:41,25.3,49.0
2026-04-02 17:16:43,25.3,49.0
2026-04-02 17:16:45,25.3,50.0
2026-04-02 17:16:47,25.3,50.0
2026-04-02 17:16:49,25.3,50.0
2026-04-02 17:16:51,25.3,50.0
2026-04-02 17:16:53,25.3,49.0
2026-04-02 17:16:55,25.3,50.0
2026-04-02 17:16:57,25.3,50.0
2026-04-02 17:16:59,25.3,50.0
2026-04-02 17:17:01,25.3,50.0
2026-04-02 17:17:03,25.3,50.0
2026-04-02 17:17:05,25.3,50.0
2026-04-02 17:17:07,25.3,50.0
2026-04-02 17:17:09,25.3,50.0
2026-04-02 17:17:11,25.3,50.0
2026-04-02 17:17:13,25.3,50.0
2026-04-02 17:17:15,25.3,50.0
2026-04-02 17:17:17,25.3,50.0
2026-04-02 17:17:19,25.3,50.0
2026-04-02 17:17:21,25.3,50.0
2026-04-02 17:17:23,25.5,50.0
2026-04-02 17:17:26,25.6,50.0
2026-04-02 17:17:28,25.8,50.0
2026-04-02 17:17:30,25.8,50.0
2026-04-02 17:17:32,25.8,50.0
2026-04-02 17:17:34,25.8,50.0
2026-04-02 17:17:36,25.8,50.0
2026-04-02 17:17:38,25.8,50.0
2026-04-02 17:17:40,25.8,50.0
2026-04-02 17:17:42,25.8,50.0
2026-04-02 17:17:44,25.8,50.0
2026-04-02 17:17:46,25.8,50.0
2026-04-02 17:17:48,25.8,50.0
2026-04-02 17:17:50,25.8,50.0
2026-04-02 17:17:52,25.8,49.0
2026-04-02 17:17:54,25.8,49.0
2026-04-02 17:17:56,25.8,49.0
2026-04-02 17:17:58,25.8,49.0
2026-04-02 17:18:00,25.8,49.0
2026-04-02 17:18:02,25.8,49.0
2026-04-02 17:18:04,25.8,49.0
2026-04-02 17:18:06,25.8,49.0
2026-04-02 17:18:08,25.8,49.0
2026-04-02 17:18:10,25.8,49.0
2026-04-02 17:18:12,25.8,49.0
2026-04-02 17:18:14,25.8,49.0
2026-04-02 17:18:16,25.8,49.0
2026-04-02 17:18:18,25.8,49.0
2026-04-02 17:18:20,25.8,49.0
2026-04-02 17:18:22,25.8,49.0
2026-04-02 17:18:24,25.8,49.0
2026-04-02 17:18:26,25.8,49.0
2026-04-02 17:18:28,25.8,49.0
2026-04-02 17:18:30,25.8,49.0
2026-04-02 17:18:32,25.8,49.0
2026-04-02 17:18:34,25.8,49.0
2026-04-02 17:18:36,25.8,50.0
2026-04-02 17:18:38,25.8,50.0
2026-04-02 17:18:40,25.8,50.0
2026-04-02 17:18:42,25.8,50.0
2026-04-02 17:18:45,25.8,50.0
2026-04-02 17:18:47,25.8,50.0
2026-04-02 17:18:49,25.8,50.0
2026-04-02 17:18:51,25.8,50.0
2026-04-02 17:18:53,25.8,50.0
2026-04-02 17:18:55,25.8,50.0
2026-04-02 17:18:57,25.8,50.0
2026-04-02 17:18:59,25.8,50.0
2026-04-02 17:19:01,25.8,50.0
2026-04-02 17:19:03,25.8,50.0
2026-04-02 17:19:05,25.8,50.0
2026-04-02 17:19:07,25.8,50.0
2026-04-02 17:19:09,25.8,50.0
2026-04-02 17:19:11,25.8,50.0
2026-04-02 17:19:13,25.8,51.0
2026-04-02 17:19:15,25.8,51.0
2026-04-02 17:19:17,25.8,51.0
2026-04-02 17:19:19,25.8,51.0
2026-04-02 17:19:21,25.8,51.0
2026-04-02 17:19:23,25.8,51.0
2026-04-02 17:19:25,25.8,51.0
2026-04-02 17:19:27,25.8,51.0
2026-04-02 17:19:29,25.8,51.0
2026-04-02 17:19:31,25.8,51.0
2026-04-02 17:19:33,25.8,51.0
2026-04-02 17:19:35,25.8,51.0
2026-04-02 17:19:37,25.8,51.0
2026-04-02 17:19:39,25.8,51.0
2026-04-02 17:19:41,25.8,51.0
2026-04-02 17:19:43,25.8,51.0
2026-04-02 17:19:45,25.8,51.0
2026-04-02 17:19:47,25.8,51.0
2026-04-02 17:19:49,25.8,51.0
2026-04-02 17:19:51,25.8,51.0
2026-04-02 17:19:53,25.8,51.0
2026-04-02 17:19:55,25.8,51.0
2026-04-02 17:19:57,25.8,51.0
2026-04-02 17:19:59,25.8,51.0
2026-04-02 17:20:01,25.8,51.0
2026-04-02 17:20:04,25.8,51.0
2026-04-02 17:20:06,25.8,52.0
2026-04-02 17:20:08,25.8,52.0
2026-04-02 17:20:10,25.8,52.0
2026-04-02 17:20:12,25.8,52.0
2026-04-02 17:20:14,25.8,52.0
2026-04-02 17:20:16,25.8,52.0
2026-04-02 17:20:18,25.8,52.0
2026-04-02 17:20:20,25.8,52.0
2026-04-02 17:20:22,25.8,52.0
2026-04-02 17:20:24,25.8,52.0
2026-04-02 17:20:26,25.8,52.0
2026-04-02 17:20:28,25.8,53.0
2026-04-02 17:20:30,25.8,53.0
2026-04-02 17:20:32,25.8,52.0
2026-04-02 17:20:34,25.8,52.0
2026-04-02 17:20:36,25.8,52.0
2026-04-02 17:20:38,25.8,52.0
2026-04-02 17:20:40,25.8,52.0
2026-04-02 17:20:42,25.8,52.0
2026-04-02 17:20:44,25.8,53.0
2026-04-02 17:20:46,25.8,53.0
2026-04-02 17:20:48,25.8,53.0
2026-04-02 17:20:50,25.8,53.0
2026-04-02 17:20:52,25.8,53.0
2026-04-02 17:20:54,25.8,53.0
2026-04-02 17:20:56,25.8,53.0
2026-04-02 17:20:58,25.8,53.0
2026-04-02 17:21:00,25.8,53.0
2026-04-02 17:21:02,25.8,53.0
2026-04-02 17:21:04,25.8,53.0
2026-04-02 17:21:06,25.8,53.0
2026-04-02 17:21:08,25.8,53.0
2026-04-02 17:21:10,25.8,53.0
2026-04-02 17:21:12,25.8,53.0
2026-04-02 17:21:14,25.8,53.0
2026-04-02 17:21:16,25.8,53.0
2026-04-02 17:21:18,25.8,53.0
2026-04-02 17:21:20,25.8,53.0
2026-04-02 17:21:23,25.8,53.0
2026-04-02 17:21:25,25.8,53.0
2026-04-02 17:21:27,25.8,53.0
2026-04-02 17:21:29,25.8,53.0
2026-04-02 17:21:31,25.8,53.0
2026-04-02 17:21:33,25.8,53.0
2026-04-02 17:21:35,25.8,53.0
2026-04-02 17:21:37,25.8,53.0
2026-04-02 17:21:39,25.8,53.0
2026-04-02 17:21:41,25.8,53.0
2026-04-02 17:21:43,25.8,53.0
2026-04-02 17:21:45,25.8,53.0
2026-04-02 17:21:47,25.8,53.0
2026-04-02 17:21:49,25.8,53.0
2026-04-02 17:21:51,25.8,53.0
2026-04-02 17:21:53,25.8,53.0
2026-04-02 17:21:55,25.8,53.0
2026-04-02 17:21:57,25.8,53.0
2026-04-02 17:21:59,25.8,53.0
2026-04-02 17:22:01,25.8,53.0
2026-04-02 17:22:03,25.8,53.0
2026-04-02 17:22:05,25.8,53.0
2026-04-02 17:22:07,25.8,53.0
2026-04-02 17:22:09,25.8,53.0
2026-04-02 17:22:11,25.8,53.0
2026-04-02 17:22:13,25.8,53.0
2026-04-02 17:22:15,25.8,53.0
2026-04-02 17:22:17,25.8,53.0
2026-04-02 17:22:19,25.8,53.0
2026-04-02 17:22:21,25.8,53.0
2026-04-02 17:22:23,25.8,53.0
2026-04-02 17:22:25,25.8,53.0
2026-04-02 17:22:27,25.8,53.0
2026-04-02 17:22:29,25.8,53.0
2026-04-02 17:22:31,25.8,53.0
2026-04-02 17:22:33,25.8,53.0
2026-04-02 17:22:35,25.8,53.0
2026-04-02 17:22:37,25.8,53.0
2026-04-02 17:22:40,25.8,53.0
2026-04-02 17:22:42,25.8,53.0
2026-04-02 17:22:44,25.8,53.0
2026-04-02 17:22:46,25.8,53.0
2026-04-02 17:22:48,25.8,53.0
2026-04-02 17:22:50,25.8,53.0
2026-04-02 17:22:52,25.8,53.0
2026-04-02 17:22:54,25.8,53.0
2026-04-02 17:22:56,25.8,53.0
2026-04-02 17:22:58,25.8,53.0
2026-04-02 17:23:00,25.8,53.0
2026-04-02 17:23:02,25.8,53.0
2026-04-02 17:23:04,25.8,53.0
2026-04-02 17:23:06,25.8,53.0
2026-04-02 17:23:08,25.8,54.0
2026-04-02 17:23:10,25.8,54.0
2026-04-02 17:23:12,25.8,54.0
2026-04-02 17:23:14,25.8,54.0
2026-04-02 17:23:16,25.8,54.0
2026-04-02 17:23:18,25.8,55.0
2026-04-02 17:23:20,25.8,55.0
2026-04-02 17:23:22,25.8,55.0
2026-04-02 17:23:24,25.8,56.0
2026-04-02 17:23:26,25.8,56.0
2026-04-02 17:23:28,25.8,57.0
2026-04-02 17:23:30,25.8,57.0
2026-04-02 17:23:32,25.8,57.0
2026-04-02 17:23:34,25.8,57.0
2026-04-02 17:23:36,25.8,58.0
2026-04-02 17:23:38,25.8,58.0
2026-04-02 17:23:40,25.8,58.0
2026-04-02 17:23:42,25.8,58.0
2026-04-02 17:23:44,25.8,59.0
2026-04-02 17:23:46,25.8,59.0
2026-04-02 17:23:48,25.8,59.0
2026-04-02 17:23:50,25.8,59.0
2026-04-02 17:23:52,25.8,59.0
2026-04-02 17:23:54,25.8,59.0
2026-04-02 17:23:56,25.8,59.0
2026-04-02 17:23:59,25.8,59.0
2026-04-02 17:24:01,25.8,59.0
2026-04-02 17:24:03,25.8,59.0
2026-04-02 17:24:05,25.8,59.0
2026-04-02 17:24:07,25.8,59.0
2026-04-02 17:24:09,25.8,58.0
2026-04-02 17:24:11,25.8,58.0
2026-04-02 17:24:13,25.8,58.0
2026-04-02 17:24:15,25.8,58.0
2026-04-02 17:24:17,25.8,58.0
2026-04-02 17:24:19,25.8,58.0
2026-04-02 17:24:21,25.8,58.0
2026-04-02 17:24:23,25.8,58.0
2026-04-02 17:24:25,25.8,58.0
2026-04-02 17:24:27,25.8,58.0
2026-04-02 17:24:29,25.8,58.0
2026-04-02 17:24:31,26.0,58.0
2026-04-02 17:24:33,26.2,58.0
2026-04-02 17:24:35,26.2,58.0
2026-04-02 17:24:37,26.2,57.0
2026-04-02 17:24:39,26.2,57.0
2026-04-02 17:24:41,26.2,57.0
2026-04-02 17:24:43,26.2,58.0
2026-04-02 17:24:45,26.2,58.0
2026-04-02 17:24:47,26.2,58.0
2026-04-02 17:24:49,26.2,58.0
2026-04-02 17:24:51,26.2,58.0
2026-04-02 17:24:53,26.2,58.0
2026-04-02 17:24:55,26.2,58.0
2026-04-02 17:24:57,26.2,59.0
2026-04-02 17:24:59,26.2,59.0
2026-04-02 17:25:01,26.2,59.0
2026-04-02 17:25:03,26.2,59.0
2026-04-02 17:25:05,26.2,59.0
2026-04-02 17:25:07,26.2,59.0
2026-04-02 17:25:09,26.2,59.0
2026-04-02 17:25:11,26.2,59.0
2026-04-02 17:25:13,26.2,59.0
2026-04-02 17:25:15,26.2,59.0
2026-04-02 17:25:18,26.2,59.0
2026-04-02 17:25:20,26.2,59.0
2026-04-02 17:25:22,26.2,58.0
2026-04-02 17:25:24,26.2,58.0
2026-04-02 17:25:26,26.2,58.0
2026-04-02 17:25:28,26.2,58.0
2026-04-02 17:25:30,26.2,59.0
2026-04-02 17:25:32,26.2,59.0
2026-04-02 17:25:34,26.2,59.0
2026-04-02 17:25:36,26.2,59.0
2026-04-02 17:25:38,26.2,59.0
2026-04-02 17:25:40,26.2,59.0
2026-04-02 17:25:42,26.2,59.0
2026-04-02 17:25:44,26.2,58.0
2026-04-02 17:25:46,26.2,58.0
2026-04-02 17:25:48,26.2,58.0
2026-04-02 17:25:50,26.2,58.0
2026-04-02 17:25:52,26.2,58.0
2026-04-02 17:25:54,26.2,58.0
2026-04-02 17:25:56,26.2,58.0
2026-04-02 17:25:58,26.2,58.0
2026-04-02 17:26:00,26.2,58.0
2026-04-02 17:26:02,26.2,58.0
2026-04-02 17:26:04,26.2,58.0
2026-04-02 17:26:06,26.2,58.0
2026-04-02 17:26:08,26.2,58.0
2026-04-02 17:26:10,26.2,59.0
2026-04-02 17:26:12,26.2,59.0
2026-04-02 17:26:14,26.2,59.0
2026-04-02 17:26:16,26.2,58.0
2026-04-02 17:26:18,26.2,58.0
2026-04-02 17:26:20,26.2,58.0
2026-04-02 17:26:22,26.2,58.0
2026-04-02 17:26:24,26.2,58.0
2026-04-02 17:26:26,26.2,58.0
2026-04-02 17:26:28,26.2,58.0
2026-04-02 17:26:30,26.2,58.0
2026-04-02 17:26:32,26.2,58.0
2026-04-02 17:26:34,26.2,58.0
2026-04-02 17:26:37,26.2,58.0
2026-04-02 17:26:39,26.2,58.0
2026-04-02 17:26:41,26.2,58.0
2026-04-02 17:26:43,26.2,58.0
2026-04-02 17:26:45,26.2,58.0
2026-04-02 17:26:47,26.2,58.0
2026-04-02 17:26:49,26.2,57.0
2026-04-02 17:26:51,26.2,58.0
2026-04-02 17:26:53,26.2,58.0
2026-04-02 17:26:55,26.2,58.0
2026-04-02 17:26:57,26.2,58.0
2026-04-02 17:26:59,26.2,58.0
2026-04-02 17:27:01,26.2,58.0
2026-04-02 17:27:03,26.2,58.0
2026-04-02 17:27:05,26.2,58.0
2026-04-02 17:27:07,26.2,58.0
2026-04-02 17:27:09,26.2,58.0
2026-04-02 17:27:11,26.2,58.0
2026-04-02 17:27:13,26.3,58.0
2026-04-02 17:27:15,26.3,58.0
2026-04-02 17:27:17,26.4,58.0
2026-04-02 17:27:19,26.5,58.0
2026-04-02 17:27:21,26.6,58.0
2026-04-02 17:27:23,26.7,58.0
2026-04-02 17:27:25,26.7,58.0
2026-04-02 17:27:27,26.7,58.0
2026-04-02 17:27:29,26.7,58.0
2026-04-02 17:27:31,26.7,59.0
2026-04-02 17:27:33,26.7,59.0
2026-04-02 17:27:35,26.7,59.0
2026-04-02 17:27:37,26.7,59.0
2026-04-02 17:27:39,26.7,59.0
2026-04-02 17:27:41,26.7,60.0
2026-04-02 17:27:43,26.7,60.0
2026-04-02 17:27:45,26.7,60.0
2026-04-02 17:27:47,26.7,60.0
2026-04-02 17:27:49,26.7,59.0
2026-04-02 17:27:51,26.7,59.0
2026-04-02 17:27:54,26.7,59.0
2026-04-02 17:27:56,26.7,59.0
2026-04-02 17:27:58,26.7,59.0
2026-04-02 17:28:00,26.7,59.0
2026-04-02 17:28:02,26.7,59.0
2026-04-02 17:28:04,26.7,60.0
2026-04-02 17:28:06,26.7,60.0
2026-04-02 17:28:08,26.7,60.0
2026-04-02 17:28:10,26.7,60.0
2026-04-02 17:28:12,26.7,61.0
2026-04-02 17:28:14,26.7,61.0
2026-04-02 17:28:16,26.7,61.0
2026-04-02 17:28:18,26.7,61.0
2026-04-02 17:28:20,26.7,61.0
2026-04-02 17:28:22,26.7,61.0
2026-04-02 17:28:24,26.7,61.0
2026-04-02 17:28:26,26.7,61.0
2026-04-02 17:28:28,26.7,61.0
2026-04-02 17:28:30,26.7,61.0
2026-04-02 17:28:32,26.7,62.0
2026-04-02 17:28:34,26.7,62.0
2026-04-02 17:28:36,26.7,62.0
2026-04-02 17:28:38,26.7,62.0
2026-04-02 17:28:40,26.7,62.0
2026-04-02 17:28:42,26.7,62.0
2026-04-02 17:28:44,26.7,62.0
2026-04-02 17:28:46,26.7,61.0
2026-04-02 17:28:48,26.7,62.0
2026-04-02 17:28:50,26.7,62.0
2026-04-02 17:28:52,26.7,62.0
2026-04-02 17:28:54,26.7,62.0
2026-04-02 17:28:56,26.7,61.0
2026-04-02 17:28:58,26.7,61.0
2026-04-02 17:29:00,26.7,61.0
2026-04-02 17:29:02,26.7,61.0
2026-04-02 17:29:04,26.7,61.0
2026-04-02 17:29:06,26.7,61.0
2026-04-02 17:29:08,26.7,60.0
2026-04-02 17:29:10,26.7,60.0
2026-04-02 17:29:13,26.7,60.0
2026-04-02 17:29:15,26.7,60.0
2026-04-02 17:29:17,26.7,60.0
2026-04-02 17:29:19,26.7,60.0
2026-04-02 17:29:21,26.7,61.0
2026-04-02 17:29:23,26.7,61.0
2026-04-02 17:29:25,26.7,61.0
2026-04-02 17:29:27,26.7,61.0
2026-04-02 17:29:29,26.7,61.0
2026-04-02 17:29:31,26.7,61.0
2026-04-02 17:29:33,26.7,61.0
2026-04-02 17:29:35,26.7,62.0
2026-04-02 17:29:37,26.7,62.0
2026-04-02 17:29:39,26.7,62.0
2026-04-02 17:29:41,26.7,62.0
2026-04-02 17:29:43,26.7,62.0
2026-04-02 17:29:45,26.7,62.0
2026-04-02 17:29:47,26.7,62.0
2026-04-02 17:29:49,26.7,62.0
2026-04-02 17:29:51,26.7,62.0
2026-04-02 17:29:53,26.7,62.0
2026-04-02 17:29:55,26.7,62.0
2026-04-02 17:29:57,26.7,62.0
2026-04-02 17:29:59,26.7,62.0
2026-04-02 17:30:01,26.7,61.0
2026-04-02 17:30:03,26.7,61.0
2026-04-02 17:30:05,26.7,61.0
2026-04-02 17:30:07,26.7,61.0
2026-04-02 17:30:09,26.7,61.0
2026-04-02 17:30:11,26.7,61.0
2026-04-02 17:30:13,26.7,61.0
2026-04-02 17:30:15,26.7,61.0
2026-04-02 17:30:17,26.7,61.0
2026-04-02 17:30:19,26.7,60.0
2026-04-02 17:30:21,26.7,60.0
2026-04-02 17:30:23,26.7,60.0
2026-04-02 17:30:25,26.7,60.0
2026-04-02 17:30:27,26.7,60.0
2026-04-02 17:30:30,26.7,60.0
2026-04-02 17:30:32,26.7,60.0
2026-04-02 17:30:34,26.7,60.0
2026-04-02 17:30:36,26.7,61.0
2026-04-02 17:30:38,26.7,61.0
2026-04-02 17:30:40,26.7,61.0
2026-04-02 17:30:42,26.7,61.0
2026-04-02 17:30:44,26.7,61.0
2026-04-02 17:30:46,26.7,61.0
2026-04-02 17:30:48,26.7,61.0
2026-04-02 17:30:50,26.7,61.0
2026-04-02 17:30:52,26.7,61.0
2026-04-02 17:30:54,26.7,61.0
2026-04-02 17:30:56,26.7,61.0
2026-04-02 17:30:58,26.7,61.0
2026-04-02 17:31:00,26.7,61.0
2026-04-02 17:31:02,26.7,61.0
2026-04-02 17:31:10,26.7,60.0
2026-04-02 17:31:12,26.7,60.0
2026-04-02 17:31:14,26.7,60.0
2026-04-02 17:31:16,26.7,60.0
2026-04-02 17:31:18,26.7,61.0
2026-04-02 17:31:20,26.7,61.0
2026-04-02 17:31:22,26.7,61.0
2026-04-02 17:31:24,26.7,61.0
2026-04-02 17:31:26,26.7,61.0
2026-04-02 17:31:28,26.7,61.0
2026-04-02 17:31:30,26.7,61.0
2026-04-02 17:31:32,26.7,61.0
2026-04-02 17:31:34,26.7,60.0
2026-04-02 17:31:36,26.7,60.0
2026-04-02 17:31:38,26.7,60.0
2026-04-02 17:31:40,26.7,60.0
2026-04-02 17:31:43,26.7,60.0
2026-04-02 17:31:45,26.7,60.0
2026-04-02 17:31:47,26.7,60.0
2026-04-02 17:31:49,26.7,60.0
2026-04-02 17:31:51,26.7,60.0
2026-04-02 17:31:53,26.7,60.0
2026-04-02 17:31:55,26.7,60.0
2026-04-02 17:31:57,26.7,61.0
2026-04-02 17:31:59,26.7,61.0
2026-04-02 17:32:01,26.7,61.0
2026-04-02 17:32:03,26.7,61.0
2026-04-02 17:32:05,26.7,61.0
2026-04-02 17:32:07,26.7,61.0
2026-04-02 17:32:09,26.7,60.0
2026-04-02 17:32:11,26.7,61.0
2026-04-02 17:32:13,26.7,61.0
2026-04-02 17:32:15,26.7,60.0
2026-04-02 17:32:17,26.7,60.0
2026-04-02 17:32:19,26.7,60.0
2026-04-02 17:32:21,26.7,60.0
2026-04-02 17:32:23,26.7,60.0
2026-04-02 17:32:25,26.7,59.0
2026-04-02 17:32:27,26.7,59.0
2026-04-02 17:32:29,26.7,59.0
2026-04-02 17:32:31,26.7,59.0
2026-04-02 17:32:33,26.7,59.0
2026-04-02 17:32:35,26.7,59.0
2026-04-02 17:32:37,26.7,59.0
2026-04-02 17:32:39,26.7,59.0
2026-04-02 17:32:41,26.7,59.0
2026-04-02 17:32:43,26.7,59.0
2026-04-02 17:32:45,26.7,59.0
2026-04-02 17:32:47,26.7,59.0
2026-04-02 17:32:49,26.7,59.0
2026-04-02 17:32:51,26.7,59.0
2026-04-02 17:32:53,26.7,59.0
2026-04-02 17:32:55,26.7,60.0
2026-04-02 17:32:57,26.7,60.0
2026-04-02 17:32:59,26.7,59.0
2026-04-02 17:33:02,26.7,59.0
2026-04-02 17:33:04,26.7,59.0
2026-04-02 17:33:06,26.7,59.0
2026-04-02 17:33:08,26.7,59.0
2026-04-02 17:33:10,26.7,59.0
2026-04-02 17:33:12,26.7,59.0
2026-04-02 17:33:14,26.7,59.0
2026-04-02 17:33:16,26.7,59.0
2026-04-02 17:33:18,26.7,59.0
2026-04-02 17:33:20,26.7,59.0
2026-04-02 17:33:22,26.7,59.0
2026-04-02 17:33:24,26.7,59.0
2026-04-02 17:33:26,26.7,59.0
2026-04-02 17:33:28,26.7,58.0
2026-04-02 17:33:30,26.7,58.0
2026-04-02 17:33:32,26.7,58.0
2026-04-02 17:33:34,26.7,58.0
2026-04-02 17:33:36,26.7,58.0
2026-04-02 17:33:38,26.7,58.0
2026-04-02 17:33:40,26.7,58.0
2026-04-02 17:33:42,26.7,58.0
2026-04-02 17:33:44,26.7,58.0
2026-04-02 17:33:46,26.7,58.0
2026-04-02 17:33:48,26.7,58.0
2026-04-02 17:33:50,26.7,58.0
2026-04-02 17:33:52,26.7,58.0
2026-04-02 17:33:54,26.7,58.0
2026-04-02 17:33:56,26.7,58.0
2026-04-02 17:33:58,26.7,58.0
2026-04-02 17:34:00,26.7,58.0
2026-04-02 17:34:02,26.7,58.0
2026-04-02 17:34:04,26.7,58.0
2026-04-02 17:34:06,26.7,58.0
2026-04-02 17:34:08,26.7,58.0
2026-04-02 17:34:10,26.7,58.0
2026-04-02 17:34:12,26.7,58.0
2026-04-02 17:34:14,26.7,59.0
2026-04-02 17:34:16,26.7,59.0
2026-04-02 17:34:19,26.7,59.0
2026-04-02 17:34:21,26.7,60.0
2026-04-02 17:34:23,26.7,60.0
2026-04-02 17:34:25,26.7,60.0
2026-04-02 17:34:27,26.7,60.0
2026-04-02 17:34:29,26.7,60.0
2026-04-02 17:34:31,26.7,60.0
2026-04-02 17:34:33,26.7,61.0
2026-04-02 17:34:35,26.7,61.0
2026-04-02 17:34:37,26.7,61.0
2026-04-02 17:34:39,26.7,61.0
2026-04-02 17:34:41,26.7,61.0
2026-04-02 17:34:43,26.7,61.0
2026-04-02 17:34:45,26.7,61.0
2026-04-02 17:34:47,26.7,61.0
2026-04-02 17:34:49,26.7,60.0
2026-04-02 17:34:51,26.7,60.0
2026-04-02 17:34:53,26.7,60.0
2026-04-02 17:34:55,26.7,60.0
2026-04-02 17:34:57,26.7,60.0
2026-04-02 17:34:59,26.7,60.0
2026-04-02 17:35:01,26.7,60.0
2026-04-02 17:35:03,26.7,60.0
2026-04-02 17:35:05,26.7,60.0
2026-04-02 17:35:07,26.7,60.0
2026-04-02 17:35:09,26.7,60.0
2026-04-02 17:35:11,26.7,60.0
2026-04-02 17:35:13,26.7,60.0
2026-04-02 17:35:15,26.7,60.0
2026-04-02 17:35:17,26.7,60.0
2026-04-02 17:35:19,26.7,60.0
2026-04-02 17:35:21,26.7,59.0
2026-04-02 17:35:23,26.7,59.0
2026-04-02 17:35:25,26.7,59.0
2026-04-02 17:35:27,26.7,59.0
2026-04-02 17:35:29,26.7,59.0
2026-04-02 17:35:31,26.7,59.0
2026-04-02 17:35:33,26.7,59.0
2026-04-02 17:35:35,26.7,58.0
2026-04-02 17:35:38,26.7,58.0
2026-04-02 17:35:40,26.7,58.0
2026-04-02 17:35:42,26.7,58.0
2026-04-02 17:35:44,26.7,58.0
2026-04-02 17:35:46,26.7,58.0
2026-04-02 17:35:48,26.7,58.0
2026-04-02 17:35:50,26.7,58.0
2026-04-02 17:35:52,26.7,58.0
2026-04-02 17:35:54,26.7,58.0
2026-04-02 17:35:56,26.7,58.0
2026-04-02 17:35:58,26.7,59.0
2026-04-02 17:36:00,26.7,59.0
2026-04-02 17:36:02,26.7,59.0
2026-04-02 17:36:04,26.7,58.0
2026-04-02 17:36:06,26.7,58.0
2026-04-02 17:36:08,26.7,58.0
2026-04-02 17:36:10,26.7,58.0
2026-04-02 17:36:12,26.7,58.0
2026-04-02 17:36:14,26.7,58.0
2026-04-02 17:36:16,26.7,58.0
2026-04-02 17:36:18,26.7,58.0
2026-04-02 17:36:20,26.7,58.0
2026-04-02 17:36:22,26.7,58.0
2026-04-02 17:36:24,26.7,58.0
2026-04-02 17:36:26,26.7,58.0
2026-04-02 17:36:28,26.7,58.0
2026-04-02 17:36:30,26.7,58.0
2026-04-02 17:36:32,26.7,58.0
2026-04-02 17:36:34,26.7,58.0
2026-04-02 17:36:36,26.7,58.0
2026-04-02 17:36:38,26.7,58.0
2026-04-02 17:36:40,26.7,57.0
2026-04-02 17:36:42,26.7,58.0
2026-04-02 17:36:44,26.7,58.0
2026-04-02 17:36:46,26.7,58.0
2026-04-02 17:36:48,26.7,57.0
2026-04-02 17:36:50,26.7,57.0
2026-04-02 17:36:52,26.7,57.0
2026-04-02 17:36:55,26.7,57.0
2026-04-02 17:36:57,26.7,57.0
2026-04-02 17:36:59,26.7,57.0
2026-04-02 17:37:01,26.7,57.0
2026-04-02 17:37:03,26.7,57.0
2026-04-02 17:37:05,26.7,57.0
2026-04-02 17:37:07,26.7,57.0
2026-04-02 17:37:09,26.7,57.0
2026-04-02 17:37:11,26.7,57.0
2026-04-02 17:37:13,26.7,57.0
2026-04-02 17:37:15,26.7,57.0
2026-04-02 17:37:17,26.7,57.0
2026-04-02 17:37:19,26.7,57.0
2026-04-02 17:37:21,26.7,57.0
2026-04-02 17:37:23,26.7,57.0
2026-04-02 17:37:25,26.7,57.0
2026-04-02 17:37:27,26.7,57.0
2026-04-02 17:37:29,26.7,57.0
2026-04-02 17:37:31,26.7,56.0
2026-04-02 17:37:33,26.7,56.0
2026-04-02 17:37:35,26.7,56.0
2026-04-02 17:37:37,26.7,56.0
2026-04-02 17:37:39,26.7,56.0
2026-04-02 17:37:41,26.7,56.0
2026-04-02 17:37:43,26.7,56.0
2026-04-02 17:37:45,26.7,56.0
2026-04-02 17:37:47,26.7,56.0
2026-04-02 17:37:49,26.7,56.0
2026-04-02 17:37:51,26.7,56.0
2026-04-02 17:37:53,26.7,55.0
2026-04-02 17:37:55,26.7,56.0
2026-04-02 17:37:57,26.7,56.0
2026-04-02 17:37:59,26.7,56.0
2026-04-02 17:38:01,26.7,56.0
2026-04-02 17:38:03,26.7,56.0
2026-04-02 17:38:05,26.7,56.0
2026-04-02 17:38:07,26.7,56.0
2026-04-02 17:38:09,26.7,57.0
2026-04-02 17:38:11,26.7,57.0
2026-04-02 17:38:14,26.7,57.0
2026-04-02 17:38:16,26.7,57.0
2026-04-02 17:38:18,26.7,58.0
2026-04-02 17:38:20,26.7,58.0
2026-04-02 17:38:22,26.7,58.0
2026-04-02 17:38:24,26.7,58.0
2026-04-02 17:38:26,26.7,58.0
2026-04-02 17:38:28,26.7,58.0
2026-04-02 17:38:30,26.7,58.0
2026-04-02 17:38:32,26.7,58.0
2026-04-02 17:38:34,26.7,58.0
2026-04-02 17:38:36,26.7,58.0
2026-04-02 17:38:38,26.7,58.0
2026-04-02 17:38:40,26.7,57.0
2026-04-02 17:38:42,26.7,57.0
2026-04-02 17:38:44,26.7,58.0
2026-04-02 17:38:46,26.7,58.0
2026-04-02 17:38:48,26.7,58.0
2026-04-02 17:38:50,26.7,58.0
2026-04-02 17:38:52,26.7,58.0
2026-04-02 17:38:54,26.7,58.0
2026-04-02 17:38:56,26.7,58.0
2026-04-02 17:38:58,26.7,57.0
2026-04-02 17:39:00,26.7,57.0
2026-04-02 17:39:02,26.7,57.0
2026-04-02 17:39:04,26.7,57.0
2026-04-02 17:39:06,26.7,57.0
2026-04-02 18:01:35,28.0,53.0
2026-04-02 18:01:37,28.0,53.0
2026-04-02 18:01:39,28.0,53.0
2026-04-02 18:01:41,28.0,53.0
2026-04-02 18:01:43,28.0,53.0
2026-04-02 18:01:45,28.0,53.0
2026-04-02 18:01:47,28.0,53.0
2026-04-02 18:01:49,28.0,53.0
2026-04-02 18:01:52,28.0,53.0
2026-04-02 18:01:54,28.0,53.0
2026-04-02 18:01:56,28.0,53.0
2026-04-02 18:01:58,28.0,52.0
2026-04-02 18:02:00,28.0,52.0
2026-04-02 18:02:02,28.0,52.0
2026-04-02 18:02:04,28.0,53.0
2026-04-02 18:02:06,28.0,53.0
2026-04-02 18:02:08,28.0,53.0
2026-04-02 18:02:10,28.0,53.0
2026-04-02 18:02:12,28.0,52.0
2026-04-02 18:02:14,28.0,52.0
2026-04-02 18:02:16,28.0,52.0
2026-04-02 18:02:18,28.0,52.0
2026-04-02 18:02:21,28.0,52.0
2026-04-02 18:02:23,28.0,52.0
2026-04-02 18:02:25,28.0,52.0
2026-04-02 18:02:27,28.0,52.0
2026-04-02 18:02:29,28.0,52.0
2026-04-02 18:02:31,28.0,52.0
2026-04-02 18:02:33,28.0,52.0
2026-04-02 18:02:35,28.0,52.0
2026-04-02 18:02:37,28.0,52.0
2026-04-02 18:02:39,28.0,52.0
2026-04-02 18:02:41,28.0,52.0
2026-04-02 18:02:43,28.0,52.0
2026-04-02 18:02:45,28.0,52.0
2026-04-02 18:02:47,28.0,52.0
2026-04-02 18:02:50,28.0,52.0
2026-04-02 18:02:52,28.0,52.0
2026-04-02 18:02:54,28.0,52.0
2026-04-02 18:02:56,28.0,52.0
2026-04-02 18:02:58,28.0,53.0
2026-04-02 18:03:00,28.0,53.0
2026-04-02 18:03:02,28.0,53.0
2026-04-02 18:03:04,28.0,53.0
2026-04-02 18:03:06,28.0,53.0
2026-04-02 18:03:08,28.0,53.0
2026-04-02 18:03:10,28.0,53.0
2026-04-02 18:03:12,28.0,53.0
2026-04-02 18:03:14,28.0,53.0
2026-04-02 18:03:16,28.0,53.0
2026-04-02 18:03:19,28.0,53.0
2026-04-02 18:03:21,28.0,53.0
2026-04-02 18:03:23,28.0,53.0
2026-04-02 18:03:25,28.0,53.0
2026-04-02 18:03:27,28.0,53.0
2026-04-02 18:03:29,28.0,53.0
2026-04-02 18:03:31,28.0,53.0
2026-04-02 18:03:33,28.0,53.0
2026-04-02 18:03:35,28.0,53.0
2026-04-02 18:03:37,28.0,53.0
2026-04-02 18:03:39,28.0,52.0
2026-04-02 18:03:41,28.0,52.0
2026-04-02 18:03:43,28.0,52.0
2026-04-02 18:03:45,28.0,52.0
2026-04-02 18:03:48,28.0,52.0
2026-04-02 18:03:50,28.0,52.0
2026-04-02 18:03:52,28.0,52.0
2026-04-02 18:03:54,28.0,52.0
2026-04-02 18:03:56,27.9,53.0
2026-04-02 18:03:58,27.9,53.0
2026-04-02 18:04:00,27.9,53.0
2026-04-02 18:04:02,27.7,53.0
2026-04-02 18:04:04,27.7,53.0
2026-04-02 18:04:06,27.6,53.0
2026-04-02 18:04:08,27.6,53.0
2026-04-02 18:04:10,27.6,53.0
2026-04-02 18:04:12,27.6,53.0
2026-04-02 18:04:14,27.6,53.0
2026-04-02 18:04:17,27.6,53.0
2026-04-02 18:04:19,27.6,53.0
2026-04-02 18:04:21,27.6,53.0
2026-04-02 18:04:23,27.6,53.0
2026-04-02 18:04:25,27.6,53.0
2026-04-02 18:04:27,27.6,53.0
2026-04-02 18:04:29,27.6,52.0
2026-04-02 18:04:31,27.6,52.0
2026-04-02 18:04:33,27.6,52.0
2026-04-02 18:04:35,27.6,52.0
2026-04-02 18:04:37,27.6,52.0
2026-04-02 18:04:39,27.6,51.0
2026-04-02 18:04:41,27.6,51.0
2026-04-02 18:04:43,27.6,51.0
2026-04-02 18:04:46,27.6,51.0
2026-04-02 18:04:48,27.6,50.0
2026-04-02 18:04:50,27.6,50.0
2026-04-02 18:04:52,27.6,50.0
2026-04-02 18:04:54,27.6,50.0
2026-04-02 18:04:56,27.6,50.0
2026-04-02 18:04:58,27.6,49.0
2026-04-02 18:05:00,27.6,49.0
2026-04-02 18:05:02,27.6,49.0
2026-04-02 18:05:04,27.6,49.0
2026-04-02 18:05:06,27.6,49.0
2026-04-02 18:05:08,27.6,49.0
2026-04-02 18:05:10,27.6,49.0
2026-04-02 18:05:12,27.6,49.0
2026-04-02 18:05:15,27.6,49.0
2026-04-02 18:05:17,27.6,48.0
2026-04-02 18:05:19,27.6,48.0
2026-04-02 18:05:21,27.6,48.0
2026-04-02 18:05:23,27.6,48.0
2026-04-02 18:05:25,27.6,48.0
2026-04-02 18:05:27,27.6,48.0
2026-04-02 18:05:29,27.6,48.0
2026-04-02 18:05:31,27.6,48.0
2026-04-02 18:05:33,27.6,48.0
2026-04-02 18:05:35,27.6,48.0
2026-04-02 18:05:37,27.6,48.0
2026-04-02 18:05:39,27.6,48.0
2026-04-02 18:05:41,27.6,48.0
2026-04-02 18:05:44,27.6,48.0
2026-04-02 18:05:46,27.6,48.0
2026-04-02 18:05:48,27.6,48.0
2026-04-02 18:05:50,27.6,48.0
2026-04-02 18:05:52,27.6,48.0
2026-04-02 18:05:54,27.6,48.0
2026-04-02 18:05:56,27.6,48.0
2026-04-02 18:05:58,27.6,48.0
2026-04-02 18:06:00,27.6,48.0
2026-04-02 18:06:02,27.6,48.0
2026-04-02 18:06:04,27.6,48.0
2026-04-02 18:06:06,27.6,48.0
2026-04-02 18:06:08,27.5,48.0
2026-04-02 18:06:11,27.3,48.0
2026-04-02 18:06:13,27.2,48.0
2026-04-02 18:06:15,27.2,48.0
2026-04-02 18:06:17,27.1,48.0
2026-04-02 18:06:19,27.1,48.0
2026-04-02 18:06:21,27.1,48.0
2026-04-02 18:06:23,27.1,48.0
2026-04-02 18:06:25,27.1,48.0
2026-04-02 18:06:27,27.1,48.0
2026-04-02 18:06:29,27.1,47.0
2026-04-02 18:06:31,27.1,47.0
2026-04-02 18:06:33,27.1,47.0
2026-04-02 18:06:35,27.1,47.0
2026-04-02 18:06:37,27.1,47.0
2026-04-02 18:06:40,27.1,47.0
2026-04-02 18:06:42,27.1,47.0
2026-04-02 18:06:44,27.1,47.0
2026-04-02 18:06:46,27.1,47.0
2026-04-02 18:06:48,27.1,47.0
2026-04-02 18:06:50,27.1,47.0
2026-04-02 18:06:52,27.1,47.0
2026-04-02 18:06:54,27.1,47.0
2026-04-02 18:06:56,27.1,47.0
2026-04-02 18:06:58,27.1,47.0
2026-04-02 18:07:00,27.1,47.0
2026-04-02 18:07:02,27.1,47.0
2026-04-02 18:07:04,27.1,47.0
2026-04-02 18:07:06,27.1,46.0
2026-04-02 18:07:09,27.1,46.0
2026-04-02 18:07:11,27.1,46.0
2026-04-02 18:07:13,27.1,46.0
2026-04-02 18:07:15,27.1,46.0
2026-04-02 18:07:17,27.1,46.0
2026-04-02 18:07:19,27.1,46.0
2026-04-02 18:07:21,27.1,46.0
2026-04-02 18:07:23,26.8,46.0
2026-04-02 18:07:25,26.7,46.0
2026-04-02 18:07:27,26.7,46.0
2026-04-02 18:07:29,26.7,46.0
2026-04-02 18:07:31,26.7,46.0
2026-04-02 18:07:33,26.7,46.0
2026-04-02 18:07:35,26.7,46.0
2026-04-02 18:07:38,26.7,46.0
2026-04-02 18:07:40,26.7,46.0
2026-04-02 18:07:42,26.7,45.0
2026-04-02 18:07:44,26.7,45.0
2026-04-02 18:07:46,26.7,45.0
2026-04-02 18:07:48,26.7,46.0
2026-04-02 18:07:50,26.7,46.0
2026-04-02 18:07:52,26.7,46.0
2026-04-02 18:07:54,26.7,46.0
2026-04-02 18:07:56,26.7,46.0
2026-04-02 18:07:58,26.7,46.0
2026-04-02 18:08:00,26.7,46.0
2026-04-02 18:08:02,26.7,46.0
2026-04-02 18:08:04,26.6,46.0
2026-04-02 18:08:07,26.2,46.0
2026-04-02 18:08:09,26.2,46.0
2026-04-02 18:08:11,26.2,46.0
2026-04-02 18:08:13,26.2,46.0
2026-04-02 18:08:15,26.2,46.0
2026-04-02 18:08:17,26.2,46.0
2026-04-02 18:08:19,26.2,46.0
2026-04-02 18:08:21,26.2,45.0
2026-04-02 18:08:23,26.2,45.0
2026-04-02 18:08:25,26.2,45.0
2026-04-02 18:08:27,26.2,45.0
2026-04-02 18:08:29,26.2,45.0
2026-04-02 18:08:31,26.2,45.0
2026-04-02 18:08:33,26.2,45.0
2026-04-02 18:08:36,26.2,45.0
2026-04-02 18:08:38,26.2,45.0
2026-04-02 18:08:40,26.2,45.0
2026-04-02 18:08:42,26.2,45.0
2026-04-02 18:08:44,26.2,45.0
2026-04-02 18:08:46,26.2,45.0
2026-04-02 18:08:48,26.2,45.0
2026-04-02 18:08:50,26.2,45.0
2026-04-02 18:08:52,26.2,45.0
2026-04-02 18:08:54,26.2,45.0
2026-04-02 18:08:56,26.2,45.0
2026-04-02 18:08:58,26.2,46.0
2026-04-02 18:09:00,26.2,46.0
2026-04-02 18:09:02,26.2,46.0
2026-04-02 18:09:05,26.2,46.0
2026-04-02 18:09:07,26.2,46.0
2026-04-02 18:09:09,26.2,46.0
2026-04-02 18:09:11,26.2,45.0
2026-04-02 18:09:13,26.2,45.0
2026-04-02 18:09:15,26.2,45.0
2026-04-02 18:09:17,26.2,45.0
2026-04-02 18:09:19,26.2,45.0
2026-04-02 18:09:21,26.2,46.0
2026-04-02 18:09:23,26.2,46.0
2026-04-02 18:09:25,26.2,46.0
2026-04-02 18:09:27,26.2,46.0
2026-04-02 18:09:29,26.2,46.0
2026-04-02 18:09:31,26.2,46.0
2026-04-02 18:09:34,26.2,46.0
2026-04-02 18:09:36,26.2,46.0
2026-04-02 18:09:38,26.2,46.0
2026-04-02 18:09:40,26.2,45.0
2026-04-02 18:09:42,26.2,46.0
2026-04-02 18:09:44,26.2,46.0
2026-04-02 18:10:03,26.2,46.0
2026-04-02 18:10:05,26.2,46.0
2026-04-02 18:10:07,26.2,46.0
2026-04-02 18:10:09,26.2,46.0
2026-04-02 18:10:11,26.2,46.0
2026-04-02 18:10:13,26.2,46.0
2026-04-02 18:10:15,26.2,46.0
2026-04-02 18:10:18,26.2,46.0
2026-04-02 18:10:20,26.2,46.0
2026-04-02 18:10:22,26.2,46.0
2026-04-02 18:10:24,26.2,46.0
2026-04-02 18:10:26,26.2,46.0
2026-04-02 18:10:28,26.2,46.0
2026-04-02 18:10:30,26.2,46.0
2026-04-02 18:10:32,26.2,46.0
2026-04-02 18:10:34,26.2,46.0
2026-04-02 18:10:36,26.2,46.0
2026-04-02 18:10:38,26.2,46.0
2026-04-02 18:10:40,26.2,46.0
2026-04-02 18:10:42,26.2,46.0
2026-04-02 18:10:44,26.2,46.0
2026-04-02 18:10:47,26.2,46.0
2026-04-02 18:10:49,26.2,45.0
2026-04-02 18:10:51,26.2,45.0
2026-04-02 18:10:53,26.2,45.0
2026-04-02 18:10:55,26.2,45.0
2026-04-02 18:10:57,26.2,45.0
2026-04-02 18:10:59,26.2,45.0
2026-04-02 18:11:01,26.2,45.0
2026-04-02 18:11:03,26.2,45.0
2026-04-02 18:11:05,26.2,44.0
2026-04-02 18:11:07,26.2,44.0
2026-04-02 18:11:09,26.2,44.0
2026-04-02 18:11:11,26.2,44.0
2026-04-02 18:11:13,26.2,44.0
2026-04-02 18:11:16,26.2,44.0
2026-04-02 18:11:18,25.8,44.0
2026-04-02 18:11:20,25.8,44.0
2026-04-02 18:11:22,25.8,44.0
2026-04-02 18:11:24,25.8,44.0
2026-04-02 18:11:26,25.8,44.0
2026-04-02 18:11:28,25.8,45.0
2026-04-02 18:11:30,25.8,45.0
2026-04-02 18:11:32,25.8,45.0
2026-04-02 18:11:34,25.8,45.0
2026-04-02 18:11:36,25.8,46.0
2026-04-02 18:11:38,25.8,46.0
2026-04-02 18:11:40,25.8,45.0
2026-04-02 18:11:43,25.8,45.0
2026-04-02 18:11:45,25.8,45.0
2026-04-02 18:11:47,25.8,45.0
2026-04-02 18:11:49,25.8,45.0
2026-04-02 18:11:51,25.8,45.0
2026-04-02 18:11:53,25.8,45.0
2026-04-02 18:11:55,25.8,45.0
2026-04-02 18:11:57,25.8,44.0
2026-04-02 18:11:59,25.8,44.0
2026-04-02 18:12:01,25.8,44.0
2026-04-02 18:12:03,25.8,44.0
2026-04-02 18:12:05,25.8,44.0
2026-04-02 18:12:07,25.8,44.0
2026-04-02 18:12:09,25.8,44.0
2026-04-02 18:12:12,25.8,44.0
2026-04-02 18:12:14,25.8,44.0
2026-04-02 18:12:16,25.8,44.0
2026-04-02 18:12:18,25.8,45.0
2026-04-02 18:12:20,25.8,45.0
2026-04-02 18:12:22,25.8,45.0
2026-04-02 18:12:24,25.5,45.0
2026-04-02 18:12:26,25.3,45.0
2026-04-02 18:12:28,25.3,45.0
2026-04-02 18:12:30,25.3,45.0
2026-04-02 18:12:32,25.3,44.0
2026-04-02 18:12:34,25.3,44.0
2026-04-02 18:12:36,25.3,44.0
2026-04-02 18:12:38,25.3,44.0
2026-04-02 18:12:41,25.3,44.0
2026-04-02 18:12:43,25.3,44.0
2026-04-02 18:12:45,25.3,44.0
2026-04-02 18:12:47,25.3,44.0
2026-04-02 18:12:49,25.3,44.0
2026-04-02 18:12:51,25.3,44.0
2026-04-02 18:12:53,25.3,44.0
2026-04-02 18:12:55,25.3,44.0
2026-04-02 18:12:57,25.3,44.0
2026-04-02 18:12:59,25.3,44.0
2026-04-02 18:13:01,25.3,44.0
2026-04-02 18:13:03,25.3,44.0
2026-04-02 18:13:05,25.3,44.0
2026-04-02 18:13:07,25.3,44.0
2026-04-02 18:13:10,25.3,44.0
2026-04-02 18:13:12,25.3,44.0
2026-04-02 18:13:14,25.3,44.0
2026-04-02 18:13:16,25.3,44.0
2026-04-02 18:13:18,25.3,44.0
2026-04-02 18:13:20,25.3,44.0
2026-04-02 18:13:22,25.3,44.0
2026-04-02 18:13:24,25.3,44.0
2026-04-02 18:13:26,25.3,44.0
2026-04-02 18:13:28,25.3,44.0
2026-04-02 18:13:30,25.3,44.0
2026-04-02 18:13:32,25.3,44.0
2026-04-02 18:13:34,25.3,44.0
2026-04-02 18:13:36,25.3,44.0
2026-04-02 18:13:39,25.3,44.0
2026-04-02 18:13:41,25.3,44.0
2026-04-02 18:13:43,25.3,44.0
2026-04-02 18:13:45,25.3,44.0
2026-04-02 18:13:47,25.3,44.0
2026-04-02 18:13:49,25.3,44.0
2026-04-02 18:13:51,25.3,44.0
2026-04-02 18:13:53,25.3,44.0
2026-04-02 18:13:55,25.3,44.0
2026-04-02 18:13:57,25.3,44.0
2026-04-02 18:13:59,25.2,44.0
2026-04-02 18:14:01,25.1,44.0
2026-04-02 18:14:03,24.9,44.0
2026-04-02 18:14:05,24.9,44.0
2026-04-02 18:14:08,24.8,44.0
2026-04-02 18:14:10,24.8,44.0
2026-04-02 18:14:12,24.8,44.0
2026-04-02 18:14:14,24.8,44.0
2026-04-02 18:14:16,24.8,44.0
2026-04-02 18:14:18,24.8,44.0
2026-04-02 18:14:20,24.8,43.0
2026-04-02 18:14:22,24.8,43.0
2026-04-02 18:14:24,24.8,43.0
2026-04-02 18:14:26,24.8,43.0
2026-04-02 18:14:28,24.8,44.0
2026-04-02 18:14:30,24.8,44.0
2026-04-02 18:14:32,24.8,44.0
2026-04-02 18:14:34,24.8,44.0
2026-04-02 18:14:37,24.8,44.0
2026-04-02 18:14:39,24.8,44.0
2026-04-02 18:14:41,24.9,44.0
2026-04-02 18:14:43,24.8,44.0
2026-04-02 18:14:45,24.8,44.0
2026-04-02 18:14:47,24.9,44.0
2026-04-02 18:14:49,25.0,44.0
2026-04-02 18:14:51,25.2,44.0
2026-04-02 18:14:53,25.3,44.0
2026-04-02 18:14:55,25.3,44.0
2026-04-02 18:14:57,25.3,44.0
2026-04-02 18:14:59,25.3,44.0
2026-04-02 18:15:01,25.3,43.0
2026-04-02 18:15:03,25.3,43.0
2026-04-02 18:15:06,25.3,43.0
2026-04-02 18:15:08,25.3,43.0
2026-04-02 18:15:10,25.3,43.0
2026-04-02 18:15:12,25.3,43.0
2026-04-02 18:15:14,25.3,43.0
2026-04-02 18:15:16,25.3,43.0
2026-04-02 18:15:18,25.3,43.0
2026-04-02 18:15:20,25.3,43.0
2026-04-02 18:15:22,25.3,43.0
2026-04-02 18:15:24,25.3,43.0
2026-04-02 18:15:26,25.3,43.0
2026-04-02 18:15:28,25.3,43.0
2026-04-02 18:15:30,25.3,43.0
2026-04-02 18:15:32,25.3,43.0
2026-04-02 18:15:35,25.3,43.0
2026-04-02 18:15:37,25.3,43.0
2026-04-02 18:15:39,25.3,43.0
2026-04-02 18:15:41,25.3,43.0
2026-04-02 18:15:43,25.3,43.0
2026-04-02 18:15:45,25.3,43.0
2026-04-02 18:15:47,25.3,43.0
2026-04-02 18:15:49,25.3,43.0
2026-04-02 18:15:51,25.3,43.0
2026-04-02 18:15:53,25.3,43.0
2026-04-02 18:15:55,25.3,43.0
2026-04-02 18:15:57,25.3,43.0
2026-04-02 18:15:59,25.3,43.0
2026-04-02 18:16:01,25.3,43.0
2026-04-02 18:16:04,25.3,43.0
2026-04-02 18:16:06,25.3,43.0
2026-04-02 18:16:08,25.3,43.0
2026-04-02 18:16:10,25.3,43.0
2026-04-02 18:16:12,25.3,43.0
2026-04-02 18:16:14,25.3,43.0
2026-04-02 18:16:16,25.3,43.0
2026-04-02 18:16:18,25.3,43.0
2026-04-02 18:16:20,25.3,43.0
2026-04-02 18:16:22,25.3,43.0
2026-04-02 18:16:24,25.3,43.0
2026-04-02 18:16:26,25.3,43.0
2026-04-02 18:16:28,25.3,43.0
2026-04-02 18:16:30,25.3,43.0
2026-04-02 18:16:33,25.3,43.0
2026-04-02 18:16:35,25.3,43.0
2026-04-02 18:16:37,25.3,43.0
2026-04-02 18:16:39,25.3,43.0
2026-04-02 18:16:41,25.3,43.0
2026-04-02 18:16:43,25.3,43.0
2026-04-02 18:16:45,25.3,43.0
2026-04-02 18:16:47,25.3,43.0
2026-04-02 18:16:49,25.3,43.0
2026-04-02 18:16:51,25.3,43.0
2026-04-02 18:16:53,25.3,43.0
2026-04-02 18:16:55,25.3,43.0
2026-04-02 18:16:57,25.3,43.0
2026-04-02 18:16:59,25.3,43.0
2026-04-02 18:17:02,25.3,43.0
2026-04-02 18:17:04,25.3,43.0
2026-04-02 18:17:06,25.3,44.0
2026-04-02 18:17:08,25.3,44.0
2026-04-02 18:17:10,25.3,44.0
2026-04-02 18:17:12,25.3,44.0
2026-04-02 18:17:14,25.3,44.0
2026-04-02 18:17:16,25.3,44.0
2026-04-02 18:17:18,25.3,44.0
2026-04-02 18:17:20,25.3,44.0
2026-04-02 18:17:22,25.3,44.0
2026-04-02 18:17:24,25.3,44.0
2026-04-02 18:17:26,25.3,44.0
2026-04-02 18:17:28,25.3,44.0
2026-04-02 18:17:31,25.3,44.0
2026-04-02 18:17:33,25.3,43.0
2026-04-02 18:17:35,25.3,43.0
2026-04-02 18:17:37,25.3,43.0
2026-04-02 18:17:39,25.3,43.0
2026-04-02 18:17:41,25.3,43.0
2026-04-02 18:17:43,25.3,43.0
2026-04-02 18:17:45,25.3,43.0
2026-04-02 18:17:47,25.3,43.0
2026-04-02 18:17:49,25.3,43.0
2026-04-02 18:17:51,25.3,43.0
2026-04-02 18:17:53,25.3,43.0
2026-04-02 18:17:55,25.3,43.0
2026-04-02 18:17:58,25.3,43.0
2026-04-02 18:18:00,25.3,43.0
2026-04-02 18:18:02,25.3,43.0
2026-04-02 18:18:04,25.3,43.0
2026-04-02 18:18:06,25.3,43.0
2026-04-02 18:18:08,25.3,43.0
2026-04-02 18:18:10,25.3,43.0
2026-04-02 18:18:12,25.3,43.0
2026-04-02 18:18:14,25.3,43.0
2026-04-02 18:18:16,25.3,42.0
2026-04-02 18:18:18,25.3,42.0
2026-04-02 18:18:20,25.3,42.0
2026-04-02 18:18:22,25.3,42.0
2026-04-02 18:18:24,25.3,42.0
2026-04-02 18:18:27,25.3,42.0
2026-04-02 18:18:29,25.3,42.0
2026-04-02 18:18:31,25.3,42.0
2026-04-02 18:18:33,25.3,42.0
2026-04-02 18:18:35,25.3,42.0
2026-04-02 18:18:37,25.3,42.0
2026-04-02 18:18:39,25.3,42.0
2026-04-02 18:18:41,25.4,43.0
2026-04-02 18:18:43,25.6,43.0
2026-04-02 18:18:45,25.8,43.0
2026-04-02 18:18:47,25.8,43.0
2026-04-02 18:18:49,25.8,43.0
2026-04-02 18:18:51,25.8,43.0
2026-04-02 18:18:53,25.8,43.0
2026-04-02 18:18:56,25.8,43.0
2026-04-02 18:18:58,25.8,43.0
2026-04-02 18:19:00,25.8,43.0
2026-04-02 18:19:02,25.8,43.0
2026-04-02 18:19:04,25.8,43.0
2026-04-02 18:19:06,25.8,43.0
2026-04-02 18:19:08,25.8,44.0
2026-04-02 18:19:10,25.8,44.0
2026-04-02 18:19:12,25.8,44.0
2026-04-02 18:19:14,25.8,44.0
2026-04-02 18:19:16,25.8,44.0
2026-04-02 18:19:18,25.8,45.0
2026-04-02 18:19:20,25.8,45.0
2026-04-02 18:19:22,25.8,45.0
2026-04-02 18:19:25,25.8,45.0
2026-04-02 18:19:27,25.8,46.0
2026-04-02 18:19:29,25.8,46.0
2026-04-02 18:19:31,25.8,46.0
2026-04-02 18:19:33,25.8,46.0
2026-04-02 18:19:35,25.8,46.0
2026-04-02 18:19:37,25.8,47.0
2026-04-02 18:19:39,25.8,47.0
2026-04-02 18:19:41,25.8,47.0
2026-04-02 18:19:43,25.8,48.0
2026-04-02 18:19:45,25.8,48.0
2026-04-02 18:19:47,25.8,48.0
2026-04-02 18:19:49,26.0,48.0
2026-04-02 18:19:51,26.2,48.0
2026-04-02 18:19:54,26.2,48.0
2026-04-02 18:19:56,26.2,48.0
2026-04-02 18:19:58,26.2,48.0
2026-04-02 18:20:00,26.2,48.0
2026-04-02 18:20:02,26.2,48.0
2026-04-02 18:20:04,26.2,48.0
2026-04-02 18:20:06,26.2,48.0
2026-04-02 18:20:08,26.2,49.0
2026-04-02 18:20:10,26.2,49.0
2026-04-02 18:20:12,26.2,49.0
2026-04-02 18:20:14,26.2,49.0
2026-04-02 18:20:16,26.2,49.0
2026-04-02 18:20:18,26.2,49.0
2026-04-02 18:20:20,26.2,49.0
2026-04-02 18:20:23,26.2,50.0
2026-04-02 18:20:25,26.2,50.0
2026-04-02 18:20:27,26.2,50.0
2026-04-02 18:20:29,26.2,50.0
2026-04-02 18:20:31,26.2,50.0
2026-04-02 18:20:33,26.2,50.0
2026-04-02 18:20:35,26.2,50.0
2026-04-02 18:20:37,26.2,50.0
2026-04-02 18:20:39,26.2,50.0
2026-04-02 18:20:41,26.2,50.0
2026-04-02 18:20:43,26.2,50.0
2026-04-02 18:20:45,26.2,49.0
2026-04-02 18:20:47,26.3,49.0
2026-04-02 18:20:49,26.4,49.0
2026-04-02 18:20:52,26.7,50.0
2026-04-02 18:20:54,26.7,50.0
2026-04-02 18:20:56,26.7,50.0
2026-04-02 18:20:58,26.7,50.0
2026-04-02 18:21:00,26.7,50.0
2026-04-02 18:21:02,26.7,50.0
2026-04-02 18:21:04,26.7,50.0
2026-04-02 18:21:06,26.7,50.0
2026-04-02 18:21:08,26.7,50.0
2026-04-02 18:21:10,26.7,52.0
2026-04-02 18:21:12,26.7,52.0
2026-04-02 18:21:14,26.7,52.0
2026-04-02 18:21:16,26.7,52.0
2026-04-02 18:21:18,26.7,52.0
2026-04-02 18:21:21,26.7,51.0
2026-04-02 18:21:23,26.7,51.0
2026-04-02 18:21:25,26.7,51.0
2026-04-02 18:21:27,26.7,51.0
2026-04-02 18:21:29,26.7,51.0
2026-04-02 18:21:31,26.7,50.0
2026-04-02 18:21:33,26.7,50.0
2026-04-02 18:21:35,26.7,50.0
2026-04-02 18:21:37,26.7,50.0
2026-04-02 18:21:39,26.7,50.0
2026-04-02 18:21:41,26.7,49.0
2026-04-02 18:21:43,26.7,49.0
2026-04-02 18:21:45,26.7,49.0
2026-04-02 18:21:47,26.7,49.0
2026-04-02 18:21:50,26.7,49.0
2026-04-02 18:21:52,26.7,49.0
2026-04-02 18:21:54,26.7,49.0
2026-04-02 18:21:56,26.7,49.0
2026-04-02 18:21:58,26.7,49.0
2026-04-02 18:22:00,26.7,49.0
2026-04-02 18:22:02,26.7,49.0
2026-04-02 18:22:04,26.7,49.0
2026-04-02 18:22:06,26.7,49.0
2026-04-02 18:22:08,26.7,49.0
2026-04-02 18:22:10,26.7,49.0
2026-04-02 18:22:12,26.7,49.0
2026-04-02 18:22:14,26.5,49.0
2026-04-02 18:22:16,26.3,49.0
2026-04-02 18:22:19,26.2,49.0
2026-04-02 18:22:21,26.2,49.0
2026-04-02 18:22:23,26.2,49.0
2026-04-02 18:22:25,26.2,49.0
2026-04-02 18:22:27,26.2,49.0
2026-04-02 18:22:29,26.2,49.0
2026-04-02 18:22:31,26.2,49.0
2026-04-02 18:22:33,26.2,49.0
2026-04-02 18:22:35,26.2,49.0
2026-04-02 18:22:37,26.2,49.0
2026-04-02 18:22:39,26.2,49.0
2026-04-02 18:22:41,26.2,48.0
2026-04-02 18:22:43,26.2,48.0
2026-04-02 18:22:45,26.2,48.0
2026-04-02 18:22:48,26.2,48.0
2026-04-02 18:22:50,26.2,48.0
2026-04-02 18:22:52,26.2,48.0
2026-04-02 18:22:54,26.2,48.0
2026-04-02 18:22:56,26.2,48.0
2026-04-02 18:22:58,26.2,48.0
2026-04-02 18:23:00,26.2,48.0
2026-04-02 18:23:02,26.2,48.0
2026-04-02 18:23:04,26.2,47.0
2026-04-02 18:23:06,26.2,47.0
2026-04-02 18:23:08,26.2,47.0
2026-04-02 18:23:10,26.2,47.0
2026-04-02 18:23:12,26.2,47.0
2026-04-02 18:23:14,26.2,47.0
2026-04-02 18:23:17,26.2,47.0
2026-04-02 18:23:19,26.2,47.0
2026-04-02 18:23:21,26.1,46.0
2026-04-02 18:23:23,25.8,46.0
2026-04-02 18:23:25,25.8,46.0
2026-04-02 18:23:27,25.8,46.0
2026-04-02 18:23:29,25.8,46.0
2026-04-02 18:23:31,25.8,46.0
2026-04-02 18:23:33,25.8,46.0
2026-04-02 18:23:35,25.8,46.0
2026-04-02 18:23:37,25.8,46.0
2026-04-02 18:23:39,25.8,46.0
2026-04-02 18:23:41,25.8,46.0
2026-04-02 18:23:44,25.8,46.0
2026-04-02 18:23:46,25.8,46.0
2026-04-02 18:23:48,25.8,46.0
2026-04-02 18:23:50,25.8,46.0
2026-04-02 18:23:52,25.8,46.0
2026-04-02 18:23:54,25.8,46.0
2026-04-02 18:23:56,25.8,46.0
2026-04-02 18:23:58,25.8,46.0
2026-04-02 18:24:00,25.8,46.0
2026-04-02 18:24:02,25.8,45.0
2026-04-02 18:24:04,25.8,45.0
2026-04-02 18:24:06,25.8,45.0
2026-04-02 18:24:08,25.8,45.0
2026-04-02 18:24:10,25.8,45.0
2026-04-02 18:24:13,25.8,45.0
2026-04-02 18:24:15,25.8,45.0
2026-04-02 18:24:17,25.8,45.0
2026-04-02 18:24:19,25.8,45.0
2026-04-02 18:24:21,25.8,45.0
2026-04-02 18:24:23,25.8,45.0
2026-04-02 18:24:25,25.8,44.0
2026-04-02 18:24:27,25.8,44.0
2026-04-02 18:24:29,25.8,44.0
2026-04-02 18:24:31,25.8,44.0
2026-04-02 18:24:33,25.8,44.0
2026-04-02 18:24:35,25.8,44.0
2026-04-02 18:24:37,25.8,44.0
2026-04-02 18:24:39,25.4,44.0
2026-04-02 18:24:42,25.3,44.0
2026-04-02 18:24:44,25.3,44.0
2026-04-02 18:24:46,25.3,44.0
2026-04-02 18:24:48,25.3,44.0
2026-04-02 18:24:50,25.3,44.0
2026-04-02 18:24:52,25.3,44.0
2026-04-02 18:24:54,25.3,44.0
2026-04-02 18:24:56,25.3,44.0
2026-04-02 18:24:58,25.3,44.0
2026-04-02 18:25:00,25.3,44.0
2026-04-02 18:25:02,25.3,44.0
2026-04-02 18:25:04,25.3,44.0
2026-04-02 18:25:06,25.3,45.0
2026-04-02 18:25:08,25.3,45.0
2026-04-02 18:25:11,25.3,45.0
2026-04-02 18:25:13,25.3,45.0
2026-04-02 18:25:15,25.3,45.0
2026-04-02 18:25:17,25.3,45.0
2026-04-02 18:25:19,25.3,45.0
2026-04-02 18:25:21,25.3,46.0
2026-04-02 18:25:23,25.3,46.0
2026-04-02 18:25:25,25.3,46.0
2026-04-02 18:25:27,25.3,46.0
2026-04-02 18:25:29,25.3,46.0
2026-04-02 18:25:31,25.3,46.0
2026-04-02 18:25:33,25.3,46.0
2026-04-02 18:25:35,25.3,45.0
2026-04-02 18:25:37,25.3,45.0
2026-04-02 18:25:40,25.3,45.0
2026-04-02 18:25:42,25.3,45.0
2026-04-02 18:25:44,25.3,46.0
2026-04-02 18:25:46,25.3,46.0
2026-04-02 18:25:48,25.3,46.0
2026-04-02 18:25:50,25.3,46.0
2026-04-02 18:25:52,25.3,46.0
2026-04-02 18:25:54,25.3,46.0
2026-04-02 18:25:56,25.3,46.0
2026-04-02 18:25:58,25.3,46.0
2026-04-02 18:26:00,25.3,46.0
2026-04-02 18:26:02,25.3,46.0
2026-04-02 18:26:04,25.3,46.0
2026-04-02 18:26:06,25.3,47.0
2026-04-02 18:26:09,25.3,47.0
2026-04-02 18:26:11,25.3,46.0
2026-04-02 18:26:13,25.3,46.0
2026-04-02 18:26:15,25.3,46.0
2026-04-02 18:26:17,25.3,46.0
2026-04-02 18:26:19,25.3,46.0
2026-04-02 18:26:21,25.3,46.0
2026-04-02 18:26:23,25.3,46.0
2026-04-02 18:26:25,25.3,46.0
2026-04-02 18:26:27,25.3,46.0
2026-04-02 18:26:29,25.3,46.0
2026-04-02 18:26:31,25.3,46.0
2026-04-02 18:26:33,25.3,46.0
2026-04-02 18:26:35,25.3,46.0
2026-04-02 18:26:38,25.3,45.0
2026-04-02 18:26:40,25.3,45.0
2026-04-02 18:26:42,25.3,45.0
2026-04-02 18:26:44,25.3,45.0
2026-04-02 18:26:46,25.3,45.0
2026-04-02 18:26:48,25.3,45.0
2026-04-02 18:26:50,25.3,45.0
2026-04-02 18:26:52,25.3,45.0
2026-04-02 18:26:54,25.3,45.0
2026-04-02 18:26:56,25.3,45.0
2026-04-02 18:26:58,25.3,45.0
2026-04-02 18:27:00,25.3,45.0
2026-04-02 18:27:02,25.3,45.0
2026-04-02 18:27:04,25.3,45.0
2026-04-02 18:27:07,25.3,45.0
2026-04-02 18:27:09,25.3,44.0
2026-04-02 18:27:11,25.3,44.0
2026-04-02 18:27:13,25.3,44.0
2026-04-02 18:27:15,25.3,44.0
2026-04-02 18:27:17,25.3,44.0
2026-04-02 18:27:19,25.3,44.0
2026-04-02 18:27:21,25.3,44.0
2026-04-02 18:27:23,25.3,44.0
2026-04-02 18:27:25,25.3,44.0
2026-04-02 18:27:27,25.3,44.0
2026-04-02 18:27:29,25.3,44.0
2026-04-02 18:27:31,25.3,44.0
2026-04-02 18:27:33,25.3,44.0
2026-04-02 18:27:36,25.3,44.0
2026-04-02 18:27:38,25.3,44.0
2026-04-02 18:27:40,25.3,44.0
2026-04-02 18:27:42,25.3,44.0
2026-04-02 18:27:44,25.3,44.0
2026-04-02 18:27:46,25.3,43.0
2026-04-02 18:27:48,25.3,43.0
2026-04-02 18:27:50,25.3,43.0
2026-04-02 18:27:52,25.3,43.0
2026-04-02 18:27:54,25.3,43.0
2026-04-02 18:27:56,25.3,43.0
2026-04-02 18:27:58,25.3,43.0
2026-04-02 18:28:00,25.3,43.0
2026-04-02 18:28:02,25.3,43.0
2026-04-02 18:28:05,25.3,43.0
2026-04-02 18:28:07,25.3,43.0
2026-04-02 18:28:09,25.3,43.0
2026-04-02 18:28:11,25.3,43.0
2026-04-02 18:28:13,25.3,43.0
2026-04-02 18:28:15,25.3,43.0
2026-04-02 18:28:17,25.3,43.0
2026-04-02 18:28:19,25.3,43.0
2026-04-02 18:28:21,25.3,43.0
2026-04-02 18:28:23,25.3,43.0
2026-04-02 18:28:25,25.3,43.0
2026-04-02 18:28:27,25.3,43.0
2026-04-02 18:28:29,25.3,43.0
2026-04-02 18:28:31,25.3,43.0
2026-04-02 18:28:34,25.3,43.0
2026-04-02 18:28:36,25.3,43.0
2026-04-02 18:28:38,25.3,43.0
2026-04-02 18:28:40,25.3,43.0
2026-04-02 18:28:42,25.3,43.0
2026-04-02 18:28:44,25.3,43.0
2026-04-02 18:28:46,25.3,43.0
2026-04-02 18:28:48,25.3,43.0
2026-04-02 18:28:50,25.3,43.0
2026-04-02 18:28:52,25.3,44.0
2026-04-02 18:28:54,25.3,44.0
2026-04-02 18:28:56,25.3,44.0
2026-04-02 18:28:58,25.3,44.0
2026-04-02 18:29:00,25.3,44.0
2026-04-02 18:29:03,25.3,44.0
2026-04-02 18:29:05,25.3,44.0
2026-04-02 18:29:07,25.3,44.0
2026-04-02 18:29:09,25.3,44.0
2026-04-02 18:29:11,25.3,44.0
2026-04-02 18:29:13,25.3,44.0
2026-04-02 18:29:15,25.3,44.0
2026-04-02 18:29:17,25.3,44.0
2026-04-02 18:29:19,25.3,44.0
2026-04-02 18:29:21,25.3,44.0
2026-04-02 18:29:23,25.3,44.0
2026-04-02 18:29:25,25.3,45.0
2026-04-02 18:29:27,25.3,46.0
2026-04-02 18:29:30,25.3,46.0
2026-04-02 18:29:32,25.3,46.0
2026-04-02 18:29:34,25.3,46.0
2026-04-02 18:29:36,25.3,46.0
2026-04-02 18:29:38,25.3,46.0
2026-04-02 18:29:40,25.3,46.0
2026-04-02 18:29:42,25.3,46.0
2026-04-02 18:29:44,25.3,46.0
2026-04-02 18:29:46,25.3,47.0
2026-04-02 18:29:48,25.3,47.0
2026-04-02 18:29:50,25.3,47.0
2026-04-02 18:29:52,25.3,47.0
2026-04-02 18:29:54,25.3,47.0
2026-04-02 18:29:56,25.3,47.0
2026-04-02 18:29:59,25.3,47.0
2026-04-02 18:30:01,25.3,47.0
2026-04-02 18:30:03,25.3,48.0
2026-04-02 18:30:05,25.3,48.0
2026-04-02 18:30:07,25.3,48.0
2026-04-02 18:30:09,25.3,48.0
2026-04-02 18:30:11,25.3,48.0
2026-04-02 18:30:13,25.3,48.0
2026-04-02 18:30:15,25.3,48.0
2026-04-02 18:30:17,25.3,48.0
2026-04-02 18:30:19,25.3,48.0
2026-04-02 18:30:21,25.3,48.0
2026-04-02 18:30:23,25.3,48.0
2026-04-02 18:30:25,25.3,49.0
2026-04-02 18:30:28,25.3,49.0
2026-04-02 18:30:30,25.3,49.0
2026-04-02 18:30:32,25.3,49.0
2026-04-02 18:30:34,25.6,49.0
2026-04-02 18:30:36,25.8,49.0
2026-04-02 18:30:38,25.8,49.0
2026-04-02 18:30:40,25.8,49.0
2026-04-02 18:30:42,25.8,49.0
2026-04-02 18:30:44,25.8,50.0
2026-04-02 18:30:46,25.8,50.0
2026-04-02 18:30:48,25.8,50.0
2026-04-02 18:30:50,25.8,49.0
2026-04-02 18:30:52,25.8,49.0
2026-04-02 18:30:54,25.8,49.0
2026-04-02 18:30:57,25.8,49.0
2026-04-02 18:30:59,25.8,49.0
2026-04-02 18:31:01,25.8,49.0
2026-04-02 18:31:03,25.8,49.0
2026-04-02 18:31:05,25.8,49.0
2026-04-02 18:31:07,25.8,49.0
2026-04-02 18:31:09,25.8,49.0
2026-04-02 18:31:11,25.8,49.0
2026-04-02 18:31:13,25.8,49.0
2026-04-02 18:31:15,25.8,49.0
2026-04-02 18:31:17,25.8,49.0
2026-04-02 18:31:19,25.8,48.0
2026-04-02 18:31:21,25.8,48.0
2026-04-02 18:31:23,25.8,48.0
2026-04-02 18:31:26,25.8,49.0
2026-04-02 18:31:28,25.8,49.0
2026-04-02 18:31:30,25.9,48.0
2026-04-02 18:31:32,26.1,49.0
2026-04-02 18:31:34,26.2,49.0
2026-04-02 18:31:36,26.2,48.0
2026-04-02 18:31:38,26.2,49.0
2026-04-02 18:31:40,26.2,48.0
2026-04-02 18:31:42,26.2,48.0
2026-04-02 18:31:44,26.2,48.0
2026-04-02 18:31:46,26.2,48.0
2026-04-02 18:31:48,26.2,48.0
2026-04-02 18:31:50,26.2,48.0
2026-04-02 18:31:52,26.2,48.0
2026-04-02 18:31:55,26.2,48.0
2026-04-02 18:31:57,26.2,48.0
2026-04-02 18:31:59,26.2,48.0
2026-04-02 18:32:01,26.2,48.0
2026-04-02 18:32:03,26.2,48.0
2026-04-02 18:32:05,26.2,47.0
2026-04-02 18:32:07,26.2,47.0
2026-04-02 18:32:09,26.2,47.0
2026-04-02 18:32:11,26.2,47.0
2026-04-02 18:32:13,26.2,47.0
2026-04-02 18:32:15,26.2,47.0
2026-04-02 18:32:17,26.2,47.0
2026-04-02 18:32:19,26.2,47.0
2026-04-02 18:32:21,26.2,47.0
2026-04-02 18:32:24,26.2,47.0
2026-04-02 18:32:26,26.2,47.0
2026-04-02 18:32:28,26.2,47.0
2026-04-02 18:32:30,26.2,47.0
2026-04-02 18:32:32,26.2,47.0
2026-04-02 18:32:34,26.2,47.0
2026-04-02 18:32:36,26.2,47.0
2026-04-02 18:32:38,26.2,47.0
2026-04-02 18:32:40,26.2,47.0
2026-04-02 18:32:42,26.2,47.0
2026-04-02 18:32:44,26.2,47.0
2026-04-02 18:32:46,26.2,47.0
2026-04-02 18:32:48,26.2,47.0
2026-04-02 18:32:50,26.2,47.0
2026-04-02 18:32:53,26.2,47.0
2026-04-02 18:32:55,26.2,47.0
2026-04-02 18:32:57,26.2,47.0
2026-04-02 18:32:59,26.2,47.0
2026-04-02 18:33:01,26.2,47.0
2026-04-02 18:33:03,26.2,47.0
2026-04-02 18:33:05,26.2,47.0
2026-04-02 18:33:07,26.2,47.0
2026-04-02 18:33:09,26.2,48.0
2026-04-02 18:33:11,26.2,48.0
2026-04-02 18:33:13,26.2,48.0
2026-04-02 18:33:15,26.2,48.0
2026-04-02 18:33:17,26.2,48.0
2026-04-02 18:33:19,26.2,48.0
2026-04-02 18:33:22,26.2,48.0
2026-04-02 18:33:24,26.2,48.0
2026-04-02 18:33:26,26.2,48.0
2026-04-02 18:33:28,26.2,48.0
2026-04-02 18:33:30,26.2,48.0
2026-04-02 18:33:32,26.2,48.0
2026-04-02 18:33:34,26.2,48.0
2026-04-02 18:33:36,26.2,48.0
2026-04-02 18:33:38,26.2,47.0
2026-04-02 18:33:40,26.2,47.0
2026-04-02 18:33:42,26.2,47.0
2026-04-02 18:33:44,26.2,47.0
2026-04-02 18:33:46,26.2,47.0
2026-04-02 18:33:48,26.2,47.0
2026-04-02 18:33:51,26.2,47.0
2026-04-02 18:33:53,26.2,47.0
2026-04-02 18:33:55,26.2,47.0
2026-04-02 18:33:57,26.2,47.0
2026-04-02 18:33:59,26.2,47.0
2026-04-02 18:34:01,26.2,47.0
2026-04-02 18:34:03,26.2,47.0
2026-04-02 18:34:05,26.2,47.0
2026-04-02 18:34:07,26.3,47.0
2026-04-02 18:34:09,26.3,47.0
2026-04-02 18:34:11,26.4,47.0
2026-04-02 18:34:13,26.5,47.0
2026-04-02 18:34:15,26.6,47.0
2026-04-02 18:34:17,26.6,47.0
2026-04-02 18:34:20,26.7,47.0
2026-04-02 18:34:22,26.7,47.0
2026-04-02 18:34:24,26.7,47.0
2026-04-02 18:34:26,26.7,48.0
2026-04-02 18:34:28,26.7,48.0
2026-04-02 18:34:30,26.7,48.0
2026-04-02 18:34:32,26.7,48.0
2026-04-02 18:34:34,26.7,47.0
2026-04-02 18:34:36,26.7,47.0
2026-04-02 18:34:38,26.7,47.0
2026-04-02 18:34:40,26.7,47.0
2026-04-02 18:34:42,26.7,47.0
2026-04-02 18:34:44,26.7,47.0
2026-04-02 18:34:46,26.7,47.0
2026-04-02 18:34:49,26.7,47.0
2026-04-02 18:34:51,26.7,47.0
2026-04-02 18:34:53,26.7,47.0
2026-04-02 18:34:55,26.7,47.0
2026-04-02 18:34:57,26.7,47.0
2026-04-02 18:34:59,26.7,47.0
2026-04-02 18:35:01,26.7,47.0
2026-04-02 18:35:03,26.7,47.0
2026-04-02 18:35:05,26.7,47.0
2026-04-02 18:35:07,26.7,48.0
2026-04-02 18:35:09,26.7,48.0
2026-04-02 18:35:11,26.7,48.0
2026-04-02 18:35:13,26.7,48.0
2026-04-02 18:35:15,26.7,48.0
2026-04-02 18:35:18,26.7,48.0
2026-04-02 18:35:20,26.7,48.0
2026-04-02 18:35:22,26.7,48.0
2026-04-02 18:35:24,26.7,47.0
2026-04-02 18:35:26,26.7,47.0
2026-04-02 18:35:28,26.7,47.0
2026-04-02 18:35:30,26.7,47.0
2026-04-02 18:35:32,26.7,47.0
2026-04-02 18:35:34,26.7,47.0
2026-04-02 18:35:36,26.7,47.0
2026-04-02 18:35:38,26.7,47.0
2026-04-02 18:35:40,26.7,47.0
2026-04-02 18:35:42,26.7,47.0
2026-04-02 18:35:45,26.7,47.0
2026-04-02 18:35:47,26.7,47.0
2026-04-02 18:35:49,26.7,47.0
2026-04-02 18:35:51,26.7,48.0
2026-04-02 18:35:53,26.7,48.0
2026-04-02 18:35:55,26.7,47.0
2026-04-02 18:35:57,26.7,47.0
2026-04-02 18:35:59,26.7,47.0
2026-04-02 18:36:01,26.7,47.0
2026-04-02 18:36:03,26.7,47.0
2026-04-02 18:36:05,26.7,47.0
2026-04-02 18:36:07,26.7,47.0
2026-04-02 18:36:09,26.7,48.0
2026-04-02 18:36:11,26.7,48.0
2026-04-02 18:36:14,26.7,47.0
2026-04-02 18:36:16,26.7,47.0
2026-04-02 18:36:18,26.7,47.0
2026-04-02 18:36:20,26.7,47.0
2026-04-02 18:36:22,26.7,47.0
2026-04-02 18:36:24,26.7,47.0
2026-04-02 18:36:26,26.7,47.0
2026-04-02 18:36:28,26.7,47.0
2026-04-02 18:36:30,26.7,47.0
2026-04-02 18:36:32,26.7,47.0
2026-04-02 18:36:34,26.7,47.0
2026-04-02 18:36:36,26.7,47.0
2026-04-02 18:36:38,26.7,47.0
2026-04-02 18:36:40,26.7,47.0
2026-04-02 18:36:43,26.7,48.0
2026-04-02 18:36:45,26.7,48.0
2026-04-02 18:36:47,26.7,48.0
2026-04-02 18:36:49,26.7,48.0
2026-04-02 18:36:51,26.7,48.0
2026-04-02 18:36:53,26.7,48.0
2026-04-02 18:36:55,26.7,48.0
2026-04-02 18:36:57,26.7,48.0
2026-04-02 18:36:59,26.7,48.0
2026-04-02 18:37:01,26.7,48.0
2026-04-02 18:37:03,26.7,48.0
2026-04-02 18:37:05,26.7,48.0
2026-04-02 18:37:07,26.7,48.0
2026-04-02 18:37:09,26.7,48.0
2026-04-02 18:37:12,26.7,48.0
2026-04-02 18:37:14,26.7,48.0
2026-04-02 18:37:16,26.7,48.0
2026-04-02 18:37:18,26.7,48.0
2026-04-02 18:37:20,26.7,48.0
2026-04-02 18:37:22,26.7,48.0
2026-04-02 18:37:24,26.7,48.0
2026-04-02 18:37:26,26.7,48.0
2026-04-02 18:37:28,26.7,48.0
2026-04-02 18:37:30,26.7,48.0
2026-04-02 18:37:32,26.7,48.0
2026-04-02 18:37:34,26.7,48.0
2026-04-02 18:37:36,26.7,48.0
2026-04-02 18:37:38,26.7,48.0
2026-04-02 18:37:41,26.7,48.0
2026-04-02 18:37:43,26.7,48.0
2026-04-02 18:37:45,26.7,48.0
2026-04-02 18:37:47,26.7,48.0
2026-04-02 18:37:49,26.7,48.0
2026-04-02 18:37:51,26.7,48.0
2026-04-02 18:37:53,26.7,48.0
2026-04-02 18:37:55,26.7,48.0
2026-04-02 18:37:57,26.7,48.0
2026-04-02 18:37:59,26.7,48.0
2026-04-02 18:38:01,26.7,48.0
2026-04-02 18:38:03,26.7,48.0
2026-04-02 18:38:05,26.7,48.0
2026-04-02 18:38:07,26.7,48.0
2026-04-02 18:38:10,26.7,48.0
2026-04-02 18:38:12,26.7,48.0
2026-04-02 18:38:14,26.7,48.0
2026-04-02 18:38:16,26.7,48.0
2026-04-02 18:38:18,26.7,48.0
2026-04-02 18:38:20,26.7,48.0
2026-04-02 18:38:22,26.7,48.0
2026-04-02 18:38:24,26.7,49.0
2026-04-02 18:38:26,26.7,49.0
2026-04-02 18:38:28,26.7,49.0
2026-04-02 18:38:30,26.7,49.0
2026-04-02 18:38:32,26.7,49.0
2026-04-02 18:38:34,26.7,49.0
2026-04-02 18:38:36,26.7,49.0
2026-04-02 18:38:39,26.7,49.0
2026-04-02 18:38:41,26.7,49.0
2026-04-02 18:38:43,26.7,49.0
2026-04-02 18:38:45,26.7,49.0
2026-04-02 18:38:47,26.7,49.0
2026-04-02 18:38:49,26.7,49.0
2026-04-02 18:38:51,26.7,49.0
2026-04-02 18:38:53,26.7,49.0
2026-04-02 18:38:55,26.7,49.0
2026-04-02 18:38:57,26.7,49.0
2026-04-02 18:38:59,26.7,49.0
2026-04-02 18:39:01,26.7,49.0
2026-04-02 18:39:03,26.7,49.0
2026-04-02 18:39:05,26.7,49.0
2026-04-02 18:39:08,26.7,49.0
2026-04-02 18:39:10,26.7,49.0
2026-04-02 18:39:12,26.7,49.0
2026-04-02 18:39:14,26.7,49.0
2026-04-02 18:39:16,26.7,49.0
2026-04-02 18:39:18,26.7,49.0
2026-04-02 18:39:20,26.7,49.0
2026-04-02 18:39:22,26.7,49.0
2026-04-02 18:39:24,26.7,49.0
2026-04-02 18:39:26,26.7,49.0
2026-04-02 18:39:28,26.7,49.0
2026-04-02 18:39:30,26.7,49.0
2026-04-02 18:39:32,26.7,49.0
2026-04-02 18:39:34,26.7,50.0
2026-04-02 18:39:37,26.7,50.0
2026-04-02 18:39:39,26.7,50.0
2026-04-02 18:39:41,26.7,51.0
2026-04-02 18:39:43,26.7,51.0
2026-04-02 18:39:45,26.7,51.0
2026-04-02 18:39:47,26.7,51.0
2026-04-02 18:39:49,26.7,51.0
2026-04-02 18:39:51,26.7,50.0
2026-04-02 18:39:53,26.7,51.0
2026-04-02 18:39:55,26.7,51.0
2026-04-02 18:39:57,26.7,51.0
2026-04-02 18:39:59,26.7,51.0
2026-04-02 18:40:01,26.7,51.0
2026-04-02 18:40:03,26.7,51.0
2026-04-02 18:40:06,26.7,51.0
2026-04-02 18:40:08,26.7,51.0
2026-04-02 18:40:10,26.7,51.0
2026-04-02 18:40:12,26.7,51.0
2026-04-02 18:40:14,26.7,51.0
2026-04-02 18:40:16,26.7,51.0
2026-04-02 18:40:18,26.7,50.0
2026-04-02 18:40:20,26.7,50.0
2026-04-02 18:40:22,26.7,50.0
2026-04-02 18:40:24,26.7,51.0
2026-04-02 18:40:26,26.7,51.0
2026-04-02 18:40:28,26.7,51.0
2026-04-02 18:40:30,26.7,51.0
2026-04-02 18:40:32,26.7,51.0
2026-04-02 18:40:35,26.7,51.0
2026-04-02 18:40:37,26.7,51.0
2026-04-02 18:40:39,26.7,51.0
2026-04-02 18:40:41,26.7,51.0
2026-04-02 18:40:43,26.8,51.0
2026-04-02 18:40:45,26.9,51.0
2026-04-02 18:40:47,27.0,51.0
2026-04-02 18:40:49,27.1,51.0
2026-04-02 18:40:51,27.1,51.0
2026-04-02 18:40:53,27.1,51.0
2026-04-02 18:40:55,27.1,52.0
2026-04-02 18:40:57,27.1,54.0
2026-04-02 18:40:59,27.1,57.0
2026-04-02 18:41:01,27.1,59.0
2026-04-02 18:41:04,27.1,59.0
2026-04-02 18:41:06,27.1,58.0
2026-04-02 18:41:08,27.1,57.0
2026-04-02 18:41:10,27.1,56.0
2026-04-02 18:41:12,27.1,56.0
2026-04-02 18:41:14,27.1,55.0
2026-04-02 18:41:16,27.1,55.0
2026-04-02 18:41:18,27.1,54.0
2026-04-02 18:41:20,27.1,54.0
2026-04-02 18:41:22,27.1,54.0
2026-04-02 18:41:24,27.1,53.0
2026-04-02 18:41:26,27.1,53.0
2026-04-02 18:41:28,27.1,53.0
2026-04-02 18:41:31,27.1,52.0
2026-04-02 18:41:33,27.1,52.0
2026-04-02 18:41:35,27.1,52.0
2026-04-02 18:41:37,27.1,51.0
2026-04-02 18:41:39,27.1,51.0
2026-04-02 18:41:41,27.1,51.0
2026-04-02 18:41:43,27.1,51.0
2026-04-02 18:41:45,27.1,51.0
2026-04-02 18:41:47,27.1,51.0
2026-04-02 18:41:49,27.1,50.0
2026-04-02 18:41:51,27.1,50.0
2026-04-02 18:41:53,27.1,50.0
2026-04-02 18:41:55,27.1,50.0
2026-04-02 18:41:57,27.1,50.0
2026-04-02 18:42:00,27.1,50.0
2026-04-02 18:42:02,27.1,50.0
2026-04-02 18:42:04,27.1,50.0
2026-04-02 18:42:06,27.1,50.0
2026-04-02 18:42:08,27.1,50.0
2026-04-02 18:42:10,27.1,50.0
2026-04-02 18:42:12,27.1,49.0
2026-04-02 18:42:14,27.1,49.0
2026-04-02 18:42:16,27.1,49.0
2026-04-02 18:42:18,27.1,49.0
2026-04-02 18:42:20,27.1,49.0
2026-04-02 18:42:22,27.1,49.0
2026-04-02 18:42:24,27.1,49.0
2026-04-02 18:42:26,27.1,49.0
2026-04-02 18:42:29,27.1,49.0
2026-04-02 18:42:31,27.1,49.0
2026-04-02 18:42:33,27.1,49.0
2026-04-02 18:42:35,27.1,49.0
2026-04-02 18:42:37,27.1,49.0
2026-04-02 18:42:39,27.1,49.0
2026-04-02 18:42:41,27.1,49.0
2026-04-02 18:42:43,27.1,49.0
2026-04-02 18:42:45,27.1,49.0
2026-04-02 18:42:47,27.1,49.0
2026-04-02 18:42:49,27.1,49.0
2026-04-02 18:42:51,27.1,49.0
2026-04-02 18:42:53,27.1,49.0
2026-04-02 18:42:55,27.1,49.0
2026-04-02 18:42:58,27.1,49.0
2026-04-02 18:43:00,27.1,49.0
2026-04-02 18:43:02,27.1,49.0
2026-04-02 18:43:04,27.1,49.0
2026-04-02 18:43:06,27.1,49.0
2026-04-02 18:43:08,27.1,49.0
2026-04-02 18:43:10,27.1,49.0
2026-04-02 18:43:12,27.1,49.0
2026-04-02 18:43:14,27.1,49.0
2026-04-02 18:43:16,27.1,49.0
2026-04-02 18:43:18,27.1,49.0
2026-04-02 18:43:20,27.1,49.0
2026-04-02 18:43:22,27.1,49.0
2026-04-02 18:43:24,27.1,49.0
2026-04-02 18:43:27,27.1,49.0
2026-04-02 18:43:29,27.1,49.0
2026-04-02 18:43:31,27.1,49.0
2026-04-02 18:43:33,27.1,49.0
2026-04-02 18:43:35,27.1,49.0
2026-04-02 18:43:37,27.1,49.0
2026-04-02 18:43:39,27.1,49.0
2026-04-02 18:43:41,27.1,49.0
2026-04-02 18:43:43,27.1,49.0
2026-04-02 18:43:45,27.1,49.0
2026-04-02 18:43:47,27.1,49.0
2026-04-02 18:43:49,27.1,49.0
2026-04-02 18:43:51,27.1,49.0
2026-04-02 18:43:53,27.1,49.0
2026-04-02 18:43:56,27.1,49.0
2026-04-02 18:43:58,27.1,49.0
2026-04-02 18:44:00,27.1,49.0
2026-04-02 18:44:02,27.1,49.0
2026-04-02 18:44:04,27.1,49.0
2026-04-02 18:44:06,27.1,50.0
2026-04-02 18:44:08,27.1,50.0
2026-04-02 18:44:10,27.1,50.0
2026-04-02 18:44:12,27.1,50.0
2026-04-02 18:44:14,27.1,50.0
2026-04-02 18:44:16,27.1,49.0
2026-04-02 18:44:18,27.1,49.0
2026-04-02 18:44:20,27.1,49.0
2026-04-02 18:44:22,27.1,49.0
2026-04-02 18:44:25,27.1,49.0
2026-04-02 18:44:27,27.1,49.0
2026-04-02 18:44:29,27.1,49.0
2026-04-02 18:44:31,27.1,49.0
2026-04-02 18:44:33,27.1,49.0
2026-04-02 18:44:35,27.1,49.0
2026-04-02 18:44:37,27.1,49.0
2026-04-02 18:44:39,27.1,49.0
2026-04-02 18:44:41,27.1,49.0
2026-04-02 18:44:43,27.1,49.0
2026-04-02 18:44:45,27.1,49.0
2026-04-02 18:44:47,27.1,49.0
2026-04-02 18:44:49,27.1,49.0
2026-04-02 18:44:51,27.1,49.0
2026-04-02 18:44:54,27.1,49.0
2026-04-02 18:44:56,27.1,49.0
2026-04-02 18:44:58,27.1,49.0
2026-04-02 18:45:00,27.1,49.0
2026-04-02 18:45:02,27.1,49.0
2026-04-02 18:45:04,27.1,49.0
2026-04-02 18:45:06,27.1,49.0
2026-04-02 18:45:08,27.1,49.0
2026-04-02 18:45:10,27.1,49.0
2026-04-02 18:45:12,27.1,49.0
2026-04-02 18:45:14,27.1,49.0
2026-04-02 18:45:16,27.1,49.0
2026-04-02 18:45:18,27.1,49.0
2026-04-02 18:45:20,27.1,49.0
2026-04-02 18:45:23,27.1,49.0
2026-04-02 18:45:25,27.1,49.0
2026-04-02 18:45:27,27.1,49.0
2026-04-02 18:45:29,27.1,49.0
2026-04-02 18:45:31,27.1,48.0
2026-04-02 18:45:33,27.1,49.0
2026-04-02 18:45:35,27.1,49.0
2026-04-02 18:45:37,27.1,49.0
2026-04-02 18:45:39,27.1,49.0
2026-04-02 18:45:41,27.1,49.0
2026-04-02 18:45:43,27.1,49.0
2026-04-02 18:45:45,27.1,49.0
2026-04-02 18:45:47,27.1,49.0
2026-04-02 18:45:49,27.1,48.0
2026-04-02 18:45:52,27.1,48.0
2026-04-02 18:45:54,27.1,49.0
2026-04-02 18:45:56,27.1,49.0
2026-04-02 18:45:58,27.1,49.0
2026-04-02 18:46:00,27.1,49.0
2026-04-02 18:46:02,27.1,49.0
2026-04-02 18:46:04,27.1,49.0
2026-04-02 18:46:06,27.1,49.0
2026-04-02 18:46:08,27.1,49.0
2026-04-02 18:46:10,27.1,49.0
2026-04-02 18:46:12,27.1,49.0
2026-04-02 18:46:14,27.1,49.0
2026-04-02 18:46:16,27.1,49.0
2026-04-02 18:46:18,27.1,49.0
2026-04-02 18:46:21,27.1,49.0
2026-04-02 18:46:23,27.1,49.0
2026-04-02 18:46:25,27.1,49.0
2026-04-02 18:46:27,27.1,49.0
2026-04-02 18:46:29,27.1,49.0
2026-04-02 18:46:31,27.1,49.0
2026-04-02 18:46:33,27.1,49.0
2026-04-02 18:46:35,27.1,49.0
2026-04-02 18:46:37,27.1,49.0
2026-04-02 18:46:39,27.1,49.0
2026-04-02 18:46:41,27.1,49.0
2026-04-02 18:46:43,27.1,49.0
2026-04-02 18:46:45,27.1,49.0
2026-04-02 18:46:47,27.1,49.0
2026-04-02 18:46:50,27.1,49.0
2026-04-02 18:46:52,27.1,49.0
2026-04-02 18:46:54,27.1,49.0
2026-04-02 18:46:56,27.1,49.0
2026-04-02 18:46:58,27.1,49.0
2026-04-02 18:47:00,27.1,49.0
2026-04-02 18:47:02,27.1,49.0
2026-04-02 18:47:04,27.1,49.0
2026-04-02 18:47:06,27.1,49.0
2026-04-02 18:47:08,27.1,49.0
2026-04-02 18:47:10,27.1,49.0
2026-04-02 18:47:12,27.1,49.0
2026-04-02 18:47:14,27.1,49.0
2026-04-02 18:47:17,27.1,49.0
2026-04-02 18:47:19,27.1,49.0
2026-04-02 18:47:21,27.1,49.0
2026-04-02 18:47:23,27.1,49.0
2026-04-02 18:47:25,27.1,48.0
2026-04-02 18:47:27,27.1,48.0
2026-04-02 18:47:29,27.1,48.0
2026-04-02 18:47:31,27.1,48.0
2026-04-02 18:47:33,27.1,48.0
2026-04-02 18:47:35,27.1,48.0
2026-04-02 18:47:37,27.1,48.0
2026-04-02 18:47:39,27.1,48.0
2026-04-02 18:47:41,27.1,48.0
2026-04-02 18:47:43,27.1,48.0
2026-04-02 18:47:46,27.1,48.0
2026-04-02 18:47:48,27.1,48.0
2026-04-02 18:47:50,27.1,48.0
2026-04-02 18:47:52,27.1,48.0
2026-04-02 18:47:54,27.1,48.0
2026-04-02 18:47:56,27.1,48.0
2026-04-02 18:47:58,27.1,48.0
2026-04-02 18:48:00,27.1,48.0
2026-04-02 18:48:02,27.1,48.0
2026-04-02 18:48:04,27.1,48.0
2026-04-02 18:48:06,27.1,48.0
2026-04-02 18:48:08,27.0,48.0
2026-04-02 18:48:10,27.0,48.0
2026-04-02 18:48:12,27.0,48.0
2026-04-02 18:48:15,26.9,48.0
2026-04-02 18:48:17,26.9,48.0
2026-04-02 18:48:19,26.8,48.0
2026-04-02 18:48:21,26.8,48.0
2026-04-02 18:48:23,26.8,48.0
2026-04-02 18:48:25,26.7,48.0
2026-04-02 18:48:27,26.7,48.0
2026-04-02 18:48:29,26.7,48.0
2026-04-02 18:48:31,26.7,48.0
2026-04-02 18:48:33,26.7,48.0
2026-04-02 18:48:35,26.7,48.0
2026-04-02 18:48:37,26.7,48.0
2026-04-02 18:48:39,26.7,48.0
2026-04-02 18:48:41,26.7,48.0
2026-04-02 18:48:44,26.7,48.0
2026-04-02 18:48:46,26.7,48.0
2026-04-02 18:48:48,26.7,49.0
2026-04-02 18:48:50,26.7,49.0
2026-04-02 18:48:52,26.7,49.0
2026-04-02 18:48:54,26.7,49.0
2026-04-02 18:48:56,26.7,49.0
2026-04-02 18:48:58,26.7,49.0
2026-04-02 18:49:00,26.7,49.0
2026-04-02 18:49:02,26.7,49.0
2026-04-02 18:49:04,26.7,49.0
2026-04-02 18:49:06,26.7,49.0
2026-04-02 18:49:08,26.7,49.0
2026-04-02 18:49:10,26.7,49.0
2026-04-02 18:49:13,26.7,49.0
2026-04-02 18:49:15,26.7,49.0
2026-04-02 18:49:17,26.7,49.0
2026-04-02 18:49:19,26.7,49.0
2026-04-02 18:49:21,26.7,49.0
2026-04-02 18:49:23,26.7,49.0
2026-04-02 18:49:25,26.8,49.0
2026-04-02 18:49:27,26.9,49.0
2026-04-02 18:49:29,27.0,49.0
2026-04-02 18:49:31,27.1,49.0
2026-04-02 18:49:33,27.1,49.0
2026-04-02 18:49:35,27.1,49.0
2026-04-02 18:49:37,27.1,49.0
2026-04-02 18:49:39,27.1,49.0
2026-04-02 18:49:42,27.1,49.0
2026-04-02 18:49:44,27.1,49.0
2026-04-02 18:49:46,27.1,49.0
2026-04-02 18:49:48,27.1,49.0
2026-04-02 18:49:50,27.1,49.0
2026-04-02 18:49:52,27.1,49.0
2026-04-02 18:49:54,27.1,49.0
2026-04-02 18:49:56,27.1,49.0
2026-04-02 18:49:58,27.1,49.0
2026-04-02 18:50:00,27.1,49.0
2026-04-02 18:50:02,27.1,49.0
2026-04-02 18:50:04,27.1,49.0
2026-04-02 18:50:06,27.1,49.0
2026-04-02 18:50:08,27.1,49.0
2026-04-02 18:50:11,27.1,50.0
2026-04-02 18:50:13,27.1,50.0
2026-04-02 18:50:15,27.1,50.0
2026-04-02 18:50:17,27.1,50.0
2026-04-02 18:50:19,27.1,49.0
2026-04-02 18:50:21,27.1,49.0
2026-04-02 18:50:23,27.1,49.0
2026-04-02 18:50:25,27.1,49.0
2026-04-02 18:50:27,27.1,49.0
2026-04-02 18:50:29,27.1,49.0
2026-04-02 18:50:31,27.1,49.0
2026-04-02 18:50:33,27.1,49.0
2026-04-02 18:50:35,27.1,49.0
2026-04-02 18:50:37,27.1,49.0
2026-04-02 18:50:40,27.1,49.0
2026-04-02 18:50:42,27.1,49.0
2026-04-02 18:50:44,27.1,49.0
2026-04-02 18:50:46,27.1,49.0
2026-04-02 18:50:48,27.1,49.0
2026-04-02 18:50:50,27.1,49.0
2026-04-02 18:50:52,27.1,49.0
2026-04-02 18:50:54,27.1,49.0
2026-04-02 18:50:56,27.1,49.0
2026-04-02 18:50:58,27.1,49.0
2026-04-02 18:51:00,27.1,49.0
2026-04-02 18:51:02,27.1,49.0
2026-04-02 18:51:04,27.1,49.0
2026-04-02 18:51:06,27.1,49.0
2026-04-02 18:51:09,27.1,49.0
2026-04-02 18:51:11,27.1,49.0
2026-04-02 18:51:13,27.1,49.0
2026-04-02 18:51:15,27.1,49.0
2026-04-02 18:51:17,27.1,49.0
2026-04-02 18:51:19,27.1,49.0
2026-04-02 18:51:21,27.1,49.0
2026-04-02 18:51:23,27.1,49.0
2026-04-02 18:51:25,27.1,49.0
2026-04-02 18:51:27,27.1,49.0
2026-04-02 18:51:29,27.1,49.0
2026-04-02 18:51:31,27.1,49.0
2026-04-02 18:51:33,27.1,49.0
2026-04-02 18:51:35,27.1,49.0
2026-04-02 18:51:38,27.1,49.0
2026-04-02 18:51:40,27.1,49.0
2026-04-02 18:51:42,27.1,49.0
2026-04-02 18:51:44,27.1,49.0
2026-04-02 18:51:46,27.1,49.0
2026-04-02 18:51:48,27.1,49.0
2026-04-02 18:51:50,27.1,49.0
2026-04-02 18:51:52,27.1,49.0
2026-04-02 18:51:54,27.1,49.0
2026-04-02 18:51:56,27.1,49.0
2026-04-02 18:51:58,27.1,49.0
2026-04-02 18:52:00,27.1,49.0
2026-04-02 18:52:02,27.1,49.0
2026-04-02 18:52:04,27.1,49.0
2026-04-02 18:52:07,27.1,49.0
2026-04-02 18:52:09,27.1,49.0
2026-04-02 18:52:11,27.1,49.0
2026-04-02 18:52:13,27.1,49.0
2026-04-02 18:52:15,27.1,49.0
2026-04-02 18:52:17,27.1,49.0
2026-04-02 18:52:19,27.1,49.0
2026-04-02 18:52:21,27.1,49.0
2026-04-02 18:52:23,27.1,49.0
2026-04-02 18:52:25,27.1,49.0
2026-04-02 18:52:27,27.1,49.0
2026-04-02 18:52:29,27.1,49.0
2026-04-02 18:52:31,27.1,49.0
2026-04-02 18:52:33,27.1,49.0
2026-04-02 18:52:36,27.1,49.0
2026-04-02 18:52:38,27.1,49.0
2026-04-02 18:52:40,27.1,49.0
2026-04-02 18:52:42,27.1,49.0
2026-04-02 18:52:44,27.1,49.0
2026-04-02 18:52:46,27.1,49.0
2026-04-02 18:52:48,27.1,49.0
2026-04-02 18:52:50,27.1,49.0
2026-04-02 18:52:52,27.1,49.0
2026-04-02 18:52:54,27.1,49.0
2026-04-02 18:52:56,27.1,49.0
2026-04-02 18:52:58,27.1,49.0
2026-04-02 18:53:00,27.1,49.0
2026-04-02 18:53:03,27.1,49.0
2026-04-02 18:53:05,27.1,49.0
2026-04-02 18:53:07,27.1,49.0
2026-04-02 18:53:09,27.1,49.0
2026-04-02 18:53:11,27.1,49.0
2026-04-02 18:53:13,27.1,49.0
2026-04-02 18:53:15,27.1,49.0
2026-04-02 18:53:17,27.1,49.0
2026-04-02 18:53:19,27.1,49.0
2026-04-02 18:53:21,27.1,49.0
2026-04-02 18:53:23,27.1,49.0
2026-04-02 18:53:25,27.1,49.0
2026-04-02 18:53:27,27.1,49.0
2026-04-02 18:53:29,27.1,49.0
2026-04-02 18:53:32,27.1,49.0
2026-04-02 18:53:34,27.1,49.0
2026-04-02 18:53:36,27.1,49.0
2026-04-02 18:53:38,27.0,49.0
2026-04-02 18:53:40,26.9,49.0
2026-04-02 18:53:42,26.8,49.0
2026-04-02 18:53:44,26.7,49.0
2026-04-02 18:53:46,26.7,49.0
2026-04-02 18:53:48,26.7,49.0
2026-04-02 18:53:50,26.7,49.0
2026-04-02 18:53:52,26.7,48.0
2026-04-02 18:53:54,26.7,48.0
2026-04-02 18:53:56,26.7,48.0
2026-04-02 18:53:58,26.7,48.0
2026-04-02 18:54:01,26.7,48.0
2026-04-02 18:54:03,26.7,48.0
2026-04-02 18:54:05,26.7,48.0
2026-04-02 18:54:07,26.7,48.0
2026-04-02 18:54:09,26.7,48.0
2026-04-02 18:54:11,26.7,48.0
2026-04-02 18:54:13,26.7,48.0
2026-04-02 18:54:15,26.7,48.0
2026-04-02 18:54:17,26.7,48.0
2026-04-02 18:54:19,26.7,48.0
2026-04-02 18:54:21,26.7,48.0
2026-04-02 18:54:23,26.7,48.0
2026-04-02 18:54:25,26.7,48.0
2026-04-02 18:54:27,26.7,48.0
2026-04-02 18:54:30,26.7,48.0
2026-04-02 18:54:32,26.7,48.0
2026-04-02 18:54:34,26.7,48.0
2026-04-02 18:54:36,26.7,48.0
2026-04-02 18:54:38,26.7,48.0
2026-04-02 18:54:40,26.7,48.0
2026-04-02 18:54:42,26.7,48.0
2026-04-02 18:54:44,26.7,48.0
2026-04-02 18:54:46,26.7,48.0
2026-04-02 18:54:48,26.7,48.0
2026-04-02 18:54:50,26.7,48.0
2026-04-02 18:54:52,26.7,48.0
2026-04-02 18:54:54,26.7,48.0
2026-04-02 18:54:56,26.7,48.0
2026-04-02 18:54:59,26.7,48.0
2026-04-02 18:55:01,26.7,48.0
2026-04-02 18:55:03,26.7,48.0
2026-04-02 18:55:05,26.7,48.0
2026-04-02 18:55:07,26.7,48.0
2026-04-02 18:55:09,26.7,48.0
2026-04-02 18:55:11,26.7,49.0
2026-04-02 18:55:13,26.7,49.0
2026-04-02 18:55:15,26.7,49.0
2026-04-02 18:55:17,26.7,49.0
2026-04-02 18:55:19,26.7,49.0
2026-04-02 18:55:21,26.7,49.0
2026-04-02 18:55:23,26.7,49.0
2026-04-02 18:55:25,26.7,49.0
2026-04-02 18:55:28,26.7,49.0
2026-04-02 18:55:30,26.7,48.0
2026-04-02 18:55:32,26.7,48.0
2026-04-02 18:55:34,26.7,48.0
2026-04-02 18:55:36,26.7,48.0
2026-04-02 18:55:38,26.7,48.0
2026-04-02 18:55:40,26.7,48.0
2026-04-02 18:55:42,26.7,48.0
2026-04-02 18:55:44,26.7,48.0
2026-04-02 18:55:46,26.7,48.0
2026-04-02 18:55:48,26.7,48.0
2026-04-02 18:55:50,26.7,48.0
2026-04-02 18:55:52,26.7,48.0
2026-04-02 18:55:54,26.7,48.0
2026-04-02 18:55:57,26.7,48.0
2026-04-02 18:55:59,26.7,48.0
2026-04-02 18:56:01,26.7,48.0
2026-04-02 18:56:03,26.7,48.0
2026-04-02 18:56:05,26.7,48.0
2026-04-02 18:56:07,26.7,48.0
2026-04-02 18:56:09,26.7,48.0
2026-04-02 18:56:11,26.7,48.0
2026-04-02 18:56:13,26.7,48.0
2026-04-02 18:56:15,26.7,48.0
2026-04-02 18:56:17,26.7,48.0
2026-04-02 18:56:19,26.7,48.0
2026-04-02 18:56:21,26.7,48.0
2026-04-02 18:56:23,26.7,48.0
2026-04-02 18:56:26,26.7,48.0
2026-04-02 18:56:28,26.7,48.0
2026-04-02 18:56:30,26.7,48.0
2026-04-02 18:56:32,26.7,48.0
2026-04-02 18:56:34,26.7,48.0
2026-04-02 18:56:36,26.7,48.0
2026-04-02 18:56:38,26.7,48.0
2026-04-02 18:56:40,26.7,48.0
2026-04-02 18:56:42,26.7,48.0
2026-04-02 18:56:44,26.7,48.0
2026-04-02 18:56:46,26.7,48.0
2026-04-02 18:56:48,26.7,48.0
2026-04-02 18:56:50,26.7,48.0
2026-04-02 18:56:52,26.7,48.0
2026-04-02 18:56:55,26.7,48.0
2026-04-02 18:56:57,26.7,48.0
2026-04-02 18:56:59,26.7,48.0
2026-04-02 18:57:01,26.7,48.0
2026-04-02 18:57:03,26.7,48.0
2026-04-02 18:57:05,26.7,48.0
2026-04-02 18:57:07,26.7,48.0
2026-04-02 18:57:09,26.7,48.0
2026-04-02 18:57:11,26.7,48.0
2026-04-02 18:57:13,26.7,48.0
2026-04-02 18:57:15,26.7,48.0
2026-04-02 18:57:17,26.7,48.0
2026-04-02 18:57:19,26.7,48.0
2026-04-02 18:57:21,26.7,48.0
2026-04-02 18:57:24,26.7,48.0
2026-04-02 18:57:26,26.7,48.0
2026-04-02 18:57:28,26.7,48.0
2026-04-02 18:57:30,26.7,49.0
2026-04-02 18:57:32,26.7,49.0
2026-04-02 18:57:34,26.7,49.0
2026-04-02 18:57:36,26.7,49.0
2026-04-02 18:57:38,26.7,49.0
2026-04-02 18:57:40,26.7,49.0
2026-04-02 18:57:42,26.7,49.0
2026-04-02 18:57:44,26.7,49.0
2026-04-02 18:57:46,26.7,49.0
